{
"type": "FeatureCollection",
"name": "Ancient_Woodlands_England",
"crs": { "type": "name", "properties": { "name": "urn:ogc:def:crs:OGC:1.3:CRS84" } },
"features": [
{ "type": "Feature", "properties": { "NAME": null, "THEME": "ancient woodland", "THEMNAME": "Ancient & Semi-Natural Woodland", "THEMID": 1414571.0, "STATUS": "ASNW", "PERIMETER": 704.17225621499995, "AREA": 1.7695296365299999, "X_COORD": 339158.0, "Y_COORD": 266220.0, "Shape_Leng": 704.17225621499995, "Shape_Area": 17695.296365300001 }, "geometry": { "type": "Polygon", "coordinates": [ [ [ -2.892278271315225, 52.290316138443785, 50.279210748150945 ], [ -2.895537971313351, 52.290604777597636, 50.283027694560587 ], [ -2.895761665233062, 52.290769177844219, 50.283415757119656 ], [ -2.895523674200951, 52.290986693784966, 50.283345291391015 ], [ -2.891401065570918, 52.291155947806125, 50.278984053991735 ], [ -2.891650037021138, 52.290340568581726, 50.278544876724482 ], [ -2.892278271315225, 52.290316138443785, 50.279210748150945 ] ] ] } },
{ "type": "Feature", "properties": { "NAME": null, "THEME": "ancient woodland", "THEMNAME": "Ancient & Semi-Natural Woodland", "THEMID": 1414585.0, "STATUS": "ASNW", "PERIMETER": 2281.2581195500002, "AREA": 10.9444572537, "X_COORD": 345152.0, "Y_COORD": 268022.0, "Shape_Leng": 2281.2581195500002, "Shape_Area": 109444.572537 }, "geometry": { "type": "Polygon", "coordinates": [ [ [ -2.802415890291912, 52.309518188848614, 50.19733586255461 ], [ -2.803365087890848, 52.30788654874025, 50.19696007296443 ], [ -2.802618046465355, 52.306968574631526, 50.19533805269748 ], [ -2.805399081324195, 52.305436529932734, 50.197064732201397 ], [ -2.807392211348564, 52.305883186872556, 50.199647719040513 ], [ -2.805381520994398, 52.306814041104964, 50.198245593346655 ], [ -2.804613284734237, 52.307682653451721, 50.198156539350748 ], [ -2.804695053258238, 52.308403732228236, 50.198874505236745 ], [ -2.805064294965804, 52.308491992761255, 50.199357795529068 ], [ -2.80684523306558, 52.306733044652546, 50.199786104261875 ], [ -2.808544206120119, 52.306840961996649, 50.201749890111387 ], [ -2.808564957266767, 52.307097063852346, 50.201995790936053 ], [ -2.809556359404071, 52.307250255066549, 50.203220164403319 ], [ -2.808682358352156, 52.30806452383878, 50.20296750869602 ], [ -2.806222836966971, 52.309283380067448, 50.201321970671415 ], [ -2.804835345557278, 52.309644091020111, 50.200108828954399 ], [ -2.804539735251137, 52.309001764998762, 50.199224252253771 ], [ -2.803896092426489, 52.308940447402868, 50.198462357744575 ], [ -2.802415890291912, 52.309518188848614, 50.19733586255461 ] ] ] } },
{ "type": "Feature", "properties": { "NAME": null, "THEME": "ancient woodland", "THEMNAME": "Ancient & Semi-Natural Woodland", "THEMID": 1414589.0, "STATUS": "ASNW", "PERIMETER": 1121.6746868, "AREA": 4.4238787247999998, "X_COORD": 347232.0, "Y_COORD": 268288.0, "Shape_Leng": 1121.6746868, "Shape_Area": 44238.787248000001 }, "geometry": { "type": "Polygon", "coordinates": [ [ [ -2.775697430913794, 52.30946574197003, 50.167845376767218 ], [ -2.778331535255918, 52.310174447695118, 50.171368297189474 ], [ -2.778115468457175, 52.311149525812887, 50.171979210339487 ], [ -2.775664366833208, 52.310479698872335, 50.168692203238606 ], [ -2.773341889023313, 52.310704349565761, 50.166325636208057 ], [ -2.772654281894596, 52.310048063698176, 50.1649952493608 ], [ -2.772967388253508, 52.309999277787711, 50.165298223495483 ], [ -2.772491639160232, 52.309215773922872, 50.164090615697205 ], [ -2.775697430913794, 52.30946574197003, 50.167845376767218 ] ] ] } },
{ "type": "Feature", "properties": { "NAME": null, "THEME": "ancient woodland", "THEMNAME": "Ancient & Semi-Natural Woodland", "THEMID": 1503845.0, "STATUS": "ASNW", "PERIMETER": 415.49762714299999, "AREA": 0.53876889848999998, "X_COORD": 337471.0, "Y_COORD": 264778.0, "Shape_Leng": 415.49762714299999, "Shape_Area": 5387.6889849199997 }, "geometry": { "type": "Polygon", "coordinates": [ [ [ -2.918712525069727, 52.277138077816119, 50.296583992429078 ], [ -2.918276883316546, 52.277384841762995, 50.296324224211276 ], [ -2.917193933334457, 52.278396606822653, 50.296026851981878 ], [ -2.917330103104083, 52.277443172881128, 50.295341390185058 ], [ -2.918525951949767, 52.276930934330139, 50.296199004165828 ], [ -2.918712525069727, 52.277138077816119, 50.296583992429078 ] ] ] } },
{ "type": "Feature", "properties": { "NAME": null, "THEME": "ancient woodland", "THEMNAME": "Ancient Replanted Woodland", "THEMID": 1414552.0, "STATUS": "PAWS", "PERIMETER": 1029.4437480300001, "AREA": 4.2761205768500004, "X_COORD": 336388.0, "Y_COORD": 264477.0, "Shape_Leng": 1029.4437480300001, "Shape_Area": 42761.205768500004 }, "geometry": { "type": "Polygon", "coordinates": [ [ [ -2.934137813707188, 52.275771567336513, 50.312221684493124 ], [ -2.932694625296923, 52.276068886023673, 50.310907727107406 ], [ -2.931373621069806, 52.275727705495022, 50.309168209321797 ], [ -2.933443155752647, 52.274723398890146, 50.310546774417162 ], [ -2.933922956472435, 52.273978723281729, 50.310418284498155 ], [ -2.934827731125831, 52.273865503491251, 50.311305991373956 ], [ -2.934745437068225, 52.273147653688795, 50.310587782412767 ], [ -2.935191845005301, 52.273097290542069, 50.311030559241772 ], [ -2.935635615139708, 52.274298706027906, 50.312566267326474 ], [ -2.935416278591773, 52.275159067311698, 50.313080032356083 ], [ -2.934137813707188, 52.275771567336513, 50.312221684493124 ] ] ] } },
{ "type": "Feature", "properties": { "NAME": null, "THEME": "ancient woodland", "THEMNAME": "Ancient Replanted Woodland", "THEMID": 1414560.0, "STATUS": "PAWS", "PERIMETER": 1462.0210129500001, "AREA": 4.8297102274699997, "X_COORD": 336724.0, "Y_COORD": 265130.0, "Shape_Leng": 1462.0210129500001, "Shape_Area": 48297.102274700002 }, "geometry": { "type": "Polygon", "coordinates": [ [ [ -2.931476560292394, 52.280480642693739, 50.313436991535127 ], [ -2.928706565220616, 52.281467686405634, 50.311277871951461 ], [ -2.925612788021756, 52.281771330385745, 50.308167588897049 ], [ -2.926091632147981, 52.281405538803575, 50.308370460756123 ], [ -2.928109284824959, 52.281133177014041, 50.310333926230669 ], [ -2.926037725354788, 52.280906948912097, 50.30787589494139 ], [ -2.926198639371796, 52.280190691777882, 50.307425412349403 ], [ -2.929691293903026, 52.280125758192803, 50.311179371550679 ], [ -2.930676588708704, 52.279644148023451, 50.311833222396672 ], [ -2.932387333018422, 52.279627592918345, 50.3136847903952 ], [ -2.931476560292394, 52.280480642693739, 50.313436991535127 ] ] ] } },
{ "type": "Feature", "properties": { "NAME": null, "THEME": "ancient woodland", "THEMNAME": "Ancient Replanted Woodland", "THEMID": 1414587.0, "STATUS": "PAWS", "PERIMETER": 750.79522805700003, "AREA": 2.1879584299800001, "X_COORD": 345479.0, "Y_COORD": 268156.0, "Shape_Leng": 750.79522805700003, "Shape_Area": 21879.584299800001 }, "geometry": { "type": "Polygon", "coordinates": [ [ [ -2.799374862412442, 52.309541601762021, 50.194007944315672 ], [ -2.802182214299872, 52.307577228805485, 50.195388405583799 ], [ -2.802914625501904, 52.307680105619148, 50.196284358389676 ], [ -2.800237900553008, 52.309911988034912, 50.195280718617141 ], [ -2.799374862412442, 52.309541601762021, 50.194007944315672 ] ] ] } },
{ "type": "Feature", "properties": { "NAME": null, "THEME": "ancient woodland", "THEMNAME": "Ancient Replanted Woodland", "THEMID": 1414594.0, "STATUS": "PAWS", "PERIMETER": 1821.5236787399999, "AREA": 7.4117294097300004, "X_COORD": 345553.0, "Y_COORD": 268309.0, "Shape_Leng": 1821.5236787399999, "Shape_Area": 74117.294097299993 }, "geometry": { "type": "Polygon", "coordinates": [ [ [ -2.802415890291912, 52.309518188848614, 50.19733586255461 ], [ -2.798018749887523, 52.312853454136558, 50.195396884344518 ], [ -2.797018609605392, 52.312461057867985, 50.193954102694988 ], [ -2.797207755683012, 52.311881681786375, 50.193658285774291 ], [ -2.796791640632572, 52.311662400516461, 50.193009193986654 ], [ -2.799374862412442, 52.309541601762021, 50.194007944315672 ], [ -2.800165173788307, 52.309943129283873, 50.195227748714387 ], [ -2.802345319690586, 52.308431406641489, 50.196311903186142 ], [ -2.802914625501904, 52.307680105619148, 50.196284358389676 ], [ -2.802182214299872, 52.307577228805485, 50.195388405583799 ], [ -2.802822035699216, 52.307054370023877, 50.195637374185026 ], [ -2.803365087890848, 52.30788654874025, 50.19696007296443 ], [ -2.802415890291912, 52.309518188848614, 50.19733586255461 ] ] ] } },
{ "type": "Feature", "properties": { "NAME": null, "THEME": "ancient woodland", "THEMNAME": "Ancient Replanted Woodland", "THEMID": 1414612.0, "STATUS": "PAWS", "PERIMETER": 757.96892020600001, "AREA": 1.69017134831, "X_COORD": 346281.0, "Y_COORD": 270888.0, "Shape_Leng": 757.96892020600001, "Shape_Area": 16901.7134831 }, "geometry": { "type": "Polygon", "coordinates": [ [ [ -2.788013123635488, 52.334153249580105, 50.202857681550086 ], [ -2.789819848334822, 52.333367291585866, 50.204167513176799 ], [ -2.790671247572836, 52.332235061074009, 50.20412514731288 ], [ -2.791030434282949, 52.332421348247237, 50.204681996256113 ], [ -2.791123708858495, 52.333125548346921, 50.205394265241921 ], [ -2.789737360220879, 52.333963608050944, 50.204592722468078 ], [ -2.789901438652082, 52.334209931936329, 50.204986582510173 ], [ -2.788482386389386, 52.334466578787776, 50.203645694069564 ], [ -2.787938507187675, 52.334412832613054, 50.203000112436712 ], [ -2.788013123635488, 52.334153249580105, 50.202857681550086 ] ] ] } },
{ "type": "Feature", "properties": { "NAME": "Allotment", "THEME": "ancient woodland", "THEMNAME": "Ancient & Semi-Natural Woodland", "THEMID": 1503871.0, "STATUS": "ASNW", "PERIMETER": 717.53095048299997, "AREA": 0.9483132226, "X_COORD": 338801.0, "Y_COORD": 264937.0, "Shape_Leng": 717.53095048299997, "Shape_Area": 9483.1322259900007 }, "geometry": { "type": "Polygon", "coordinates": [ [ [ -2.900604125795827, 52.278860312165691, 50.278304727748036 ], [ -2.900041735424084, 52.279143847554856, 50.277937909588218 ], [ -2.896061704984489, 52.279566561950702, 50.273955221287906 ], [ -2.900293581143149, 52.278552057581493, 50.277695403434336 ], [ -2.900604125795827, 52.278860312165691, 50.278304727748036 ] ] ] } },
{ "type": "Feature", "properties": { "NAME": "Ashbed", "THEME": "ancient woodland", "THEMNAME": "Ancient & Semi-Natural Woodland", "THEMID": 1503621.0, "STATUS": "ASNW", "PERIMETER": 402.41215418199999, "AREA": 0.96970470500999995, "X_COORD": 348637.0, "Y_COORD": 268747.0, "Shape_Leng": 402.41215418199999, "Shape_Area": 9697.0470500499996 }, "geometry": { "type": "Polygon", "coordinates": [ [ [ -2.755814083276304, 52.314254016194575, 50.150065709836781 ], [ -2.754887779515829, 52.315007763520534, 50.14969858340919 ], [ -2.753773170136171, 52.314627217254795, 50.148135833442211 ], [ -2.754948665911191, 52.313836103938698, 50.148745743557811 ], [ -2.755814083276304, 52.314254016194575, 50.150065709836781 ] ] ] } },
{ "type": "Feature", "properties": { "NAME": "Ashbed", "THEME": "ancient woodland", "THEMNAME": "Ancient & Semi-Natural Woodland", "THEMID": 1504270.0, "STATUS": "ASNW", "PERIMETER": 302.48885039700002, "AREA": 0.55128161772999995, "X_COORD": 346953.0, "Y_COORD": 267917.0, "Shape_Leng": 302.48885039700002, "Shape_Area": 5512.8161773100001 }, "geometry": { "type": "Polygon", "coordinates": [ [ [ -2.780284681516053, 52.306700948461334, 50.170495592989028 ], [ -2.779681394695044, 52.307172169917685, 50.170241022482514 ], [ -2.778711509807317, 52.30696673489912, 50.168992228806019 ], [ -2.778833597747557, 52.306425500422513, 50.168655035085976 ], [ -2.780284681516053, 52.306700948461334, 50.170495592989028 ] ] ] } },
{ "type": "Feature", "properties": { "NAME": "BARNETT WOOD", "THEME": "ancient woodland", "THEMNAME": "Ancient & Semi-Natural Woodland", "THEMID": 1105995.0, "STATUS": "ASNW", "PERIMETER": 3638.8699656600002, "AREA": 12.7064793628, "X_COORD": 339937.0, "Y_COORD": 268715.0, "Shape_Leng": 3638.8699656600002, "Shape_Area": 127064.793628 }, "geometry": { "type": "Polygon", "coordinates": [ [ [ -2.879847774091509, 52.314906912202161, 50.28700699750334 ], [ -2.881569086671855, 52.314044718079835, 50.288142492063344 ], [ -2.886448733280161, 52.30914401953617, 50.289226566441357 ], [ -2.887964252159409, 52.309612228808433, 50.291290853172541 ], [ -2.887632835267777, 52.310051173739609, 50.291309551335871 ], [ -2.886789872200249, 52.309862828963112, 50.290223995223641 ], [ -2.886347070516902, 52.310526405074178, 50.290315863676369 ], [ -2.885558592132434, 52.31071091050147, 50.289613578468561 ], [ -2.883863350329667, 52.312840893998235, 50.289607988670468 ], [ -2.881911991659786, 52.314325096186366, 50.28876091260463 ], [ -2.883612577872718, 52.31353052553996, 50.289932063780725 ], [ -2.886572007912005, 52.310634728587587, 50.290655954740942 ], [ -2.887151338104197, 52.310920148241181, 50.291537411510944 ], [ -2.884038217286273, 52.313913909909267, 50.290730321779847 ], [ -2.883629555795757, 52.314534618163663, 50.290821730159223 ], [ -2.883956967214099, 52.31495918323219, 50.291548151522875 ], [ -2.878486489319826, 52.316685776328306, 50.287060068920255 ], [ -2.876585102213063, 52.316450221163201, 50.284774909727275 ], [ -2.876915300552557, 52.315733771386896, 50.284514972940087 ], [ -2.878101837630287, 52.315634626254521, 50.285727575421333 ], [ -2.879847774091509, 52.314906912202161, 50.28700699750334 ] ] ] } },
{ "type": "Feature", "properties": { "NAME": "BARNETT WOOD", "THEME": "ancient woodland", "THEMNAME": "Ancient Replanted Woodland", "THEMID": 1105995.0, "STATUS": "PAWS", "PERIMETER": 2698.0516781000001, "AREA": 22.046456193600001, "X_COORD": 339834.0, "Y_COORD": 267373.0, "Shape_Leng": 2698.0516781000001, "Shape_Area": 220464.56193600001 }, "geometry": { "type": "Polygon", "coordinates": [ [ [ -2.879021995043312, 52.303216731184271, 50.275947123765945 ], [ -2.879012659296179, 52.302446355708732, 50.275266527198255 ], [ -2.878343834351221, 52.301553169717216, 50.273756956681609 ], [ -2.879371611317427, 52.301095045488516, 50.274483229964972 ], [ -2.880215686550564, 52.301434881339894, 50.275702995248139 ], [ -2.881125328342838, 52.301087364010414, 50.276396105065942 ], [ -2.881773914018069, 52.301251584942953, 50.277248917147517 ], [ -2.883045683630842, 52.300454738438852, 50.277947030961514 ], [ -2.884085258493919, 52.300386110535975, 50.279024892486632 ], [ -2.8849757168123, 52.299564324861848, 50.279283730313182 ], [ -2.884364392619826, 52.298199144377463, 50.27742578368634 ], [ -2.884972629506694, 52.297675353885595, 50.277635050937533 ], [ -2.885225451071603, 52.297548436667682, 50.277801127173007 ], [ -2.887252173372075, 52.298485316157091, 50.28083477076143 ], [ -2.887171387176827, 52.300770565123244, 50.282736199907959 ], [ -2.888619918905519, 52.302218863468482, 50.285581193864346 ], [ -2.886569723214093, 52.303324780448733, 50.284300612285733 ], [ -2.886404264820547, 52.303813168324787, 50.284544424153864 ], [ -2.883611582210602, 52.302768687251714, 50.280580272898078 ], [ -2.88346847332153, 52.303121095063148, 50.280730293132365 ], [ -2.882405017363638, 52.30297479904219, 50.279439272359014 ], [ -2.880977975656577, 52.303336972503821, 50.278192635625601 ], [ -2.879354749013753, 52.304265210814158, 50.277223519049585 ], [ -2.879021995043312, 52.303216731184271, 50.275947123765945 ] ] ] } },
{ "type": "Feature", "properties": { "NAME": "BARNETT WOOD", "THEME": "ancient woodland", "THEMNAME": "Ancient Replanted Woodland", "THEMID": 1105995.0, "STATUS": "PAWS", "PERIMETER": 4151.7237159699998, "AREA": 78.750132043700006, "X_COORD": 340014.0, "Y_COORD": 268261.0, "Shape_Leng": 4151.7237159699998, "Shape_Area": 787501.32043700002 }, "geometry": { "type": "Polygon", "coordinates": [ [ [ -2.877070044780074, 52.315387307037966, 50.28438382782042 ], [ -2.877381181607632, 52.315028804822127, 50.284413384273648 ], [ -2.87634952836027, 52.314867223165983, 50.28314405400306 ], [ -2.876646874491203, 52.31410454954419, 50.282807809300721 ], [ -2.875089282030164, 52.312247247246383, 50.27949080336839 ], [ -2.873836663052127, 52.311578565621062, 50.277538867667317 ], [ -2.873794055951701, 52.311005721667009, 50.27699476107955 ], [ -2.876314540191184, 52.310635168236054, 50.279432281851768 ], [ -2.875606613462442, 52.307537792057801, 50.275966129265726 ], [ -2.876492171549614, 52.307524032399144, 50.276923645287752 ], [ -2.876489751431345, 52.306942634668978, 50.276415607891977 ], [ -2.877248652341997, 52.306917994981276, 50.277224964462221 ], [ -2.87829662734793, 52.306288961911882, 50.27782525960356 ], [ -2.877968957145088, 52.306295714144532, 50.277472456917167 ], [ -2.878571718904166, 52.304989444675016, 50.276996353641152 ], [ -2.879522880046767, 52.304212728056712, 50.277361894957721 ], [ -2.88089050795312, 52.303438379755121, 50.278185131959617 ], [ -2.88269862881455, 52.303060776079903, 50.279835384339094 ], [ -2.885665351526489, 52.303863831810496, 50.283780110999942 ], [ -2.886318660174538, 52.304848770003687, 50.285351411439478 ], [ -2.887576466200313, 52.305553233096248, 50.287339836359024 ], [ -2.888652821575398, 52.306935029496721, 50.289718180894852 ], [ -2.888426490703497, 52.308966744601797, 50.291235796175897 ], [ -2.887964252159409, 52.309612228808433, 50.291290853172541 ], [ -2.886448733280161, 52.30914401953617, 50.289226566441357 ], [ -2.881569086671855, 52.314044718079835, 50.288142492063344 ], [ -2.878101837630287, 52.315634626254521, 50.285727575421333 ], [ -2.876915300552557, 52.315733771386896, 50.284514972940087 ], [ -2.877070044780074, 52.315387307037966, 50.28438382782042 ] ] ] } },
{ "type": "Feature", "properties": { "NAME": "BIRCHEN COPPICE", "THEME": "ancient woodland", "THEMNAME": "Ancient Replanted Woodland", "THEMID": 1105827.0, "STATUS": "PAWS", "PERIMETER": 1518.8906018800001, "AREA": 8.3409356176300005, "X_COORD": 335404.0, "Y_COORD": 266180.0, "Shape_Leng": 1518.8906018800001, "Shape_Area": 83409.356176300003 }, "geometry": { "type": "Polygon", "coordinates": [ [ [ -2.944489240428382, 52.291033410977562, 50.336830385960639 ], [ -2.944697430556537, 52.288966576966139, 50.33525597024709 ], [ -2.951591767631132, 52.289335622414434, 50.343086547218263 ], [ -2.953157225168186, 52.289865688975794, 50.345252870582044 ], [ -2.952232408913054, 52.290494670845639, 50.34479399304837 ], [ -2.950063168209919, 52.290255000491932, 50.342223182320595 ], [ -2.944489240428382, 52.291033410977562, 50.336830385960639 ] ] ] } },
{ "type": "Feature", "properties": { "NAME": "BIRCHEN COPPICE", "THEME": "ancient woodland", "THEMNAME": "Ancient Replanted Woodland", "THEMID": 1105827.0, "STATUS": "PAWS", "PERIMETER": 3250.3287461199998, "AREA": 41.704382701299998, "X_COORD": 335415.0, "Y_COORD": 266830.0, "Shape_Leng": 3250.3287461199998, "Shape_Area": 417043.82701299997 }, "geometry": { "type": "Polygon", "coordinates": [ [ [ -2.943822676271973, 52.298089987879891, 50.342246771790087 ], [ -2.943586149606637, 52.297246829300398, 50.341255763545632 ], [ -2.940802702836291, 52.296540745723341, 50.337609046138823 ], [ -2.940568461541456, 52.295260297854014, 50.336239511147141 ], [ -2.939831228439589, 52.29532935407218, 50.335496284067631 ], [ -2.939613012100299, 52.294998446117788, 50.334970455616713 ], [ -2.943402391889282, 52.293430836036855, 50.337734504602849 ], [ -2.94441527233312, 52.294170806975266, 50.339482172392309 ], [ -2.944920926931518, 52.294014864981108, 50.33989723213017 ], [ -2.945649306297125, 52.294694905326196, 50.341282588429749 ], [ -2.950603061732323, 52.2934003137308, 50.345550424419343 ], [ -2.952214489701017, 52.294432810477666, 50.348203588277102 ], [ -2.953257955295845, 52.294421604221505, 50.349329779855907 ], [ -2.955016883003207, 52.293797555137552, 50.350701279938221 ], [ -2.956678033824621, 52.295746093500291, 50.354204682633281 ], [ -2.957027501102328, 52.296993849248345, 50.355670210905373 ], [ -2.954367965723599, 52.297218594971405, 50.352971248328686 ], [ -2.954379303192404, 52.297633387578934, 50.353344275616109 ], [ -2.943822676271973, 52.298089987879891, 50.342246771790087 ] ] ] } },
{ "type": "Feature", "properties": { "NAME": "BIRCHER COPPICE", "THEME": "ancient woodland", "THEMNAME": "Ancient Replanted Woodland", "THEMID": 1106018.0, "STATUS": "PAWS", "PERIMETER": 2355.4859863299998, "AREA": 38.958911926, "X_COORD": 346156.0, "Y_COORD": 267023.0, "Shape_Leng": 2355.4859863299998, "Shape_Area": 389589.11926000001 }, "geometry": { "type": "Polygon", "coordinates": [ [ [ -2.791778632662015, 52.294691606214123, 50.172683827579021 ], [ -2.79394281127953, 52.295259667100446, 50.175565478391945 ], [ -2.794620076130335, 52.295738748922709, 50.176730486564338 ], [ -2.795617273398754, 52.297709098476673, 50.179550668224692 ], [ -2.794636454477691, 52.300995380964039, 50.181339157745242 ], [ -2.791886733105057, 52.302227576776367, 50.179384504444897 ], [ -2.78995431223023, 52.302666636755667, 50.177637929096818 ], [ -2.786014401694136, 52.299313400604028, 50.170367855578661 ], [ -2.788223790266966, 52.296312089843617, 50.170181704685092 ], [ -2.791778632662015, 52.294691606214123, 50.172683827579021 ] ] ] } },
{ "type": "Feature", "properties": { "NAME": "BIRCHER COPPICE", "THEME": "ancient woodland", "THEMNAME": "Ancient Replanted Woodland", "THEMID": 1106018.0, "STATUS": "PAWS", "PERIMETER": 2078.1800414999998, "AREA": 14.8320371485, "X_COORD": 346609.0, "Y_COORD": 267465.0, "Shape_Leng": 2078.1800414999998, "Shape_Area": 148320.37148500001 }, "geometry": { "type": "Polygon", "coordinates": [ [ [ -2.786517941356562, 52.303976999388127, 50.174993223510683 ], [ -2.78366145766109, 52.303754218703425, 50.171649581752717 ], [ -2.781975673326101, 52.302881617943683, 50.169029315002263 ], [ -2.779295148312367, 52.302413815829489, 50.165664670988917 ], [ -2.777701827778776, 52.301779711181432, 50.16335357632488 ], [ -2.780705919479923, 52.301598367481404, 50.166508979164064 ], [ -2.783813049529376, 52.30217687991631, 50.17044045869261 ], [ -2.785021206320294, 52.301223797981919, 50.1709407530725 ], [ -2.787311543443206, 52.300848425078748, 50.17313817050308 ], [ -2.788375950479773, 52.301658590213876, 50.175018639303744 ], [ -2.78956302766241, 52.304168879574533, 50.178517053835094 ], [ -2.789388954929835, 52.304566228830339, 50.17867171857506 ], [ -2.786517941356562, 52.303976999388127, 50.174993223510683 ] ] ] } },
{ "type": "Feature", "properties": { "NAME": "Birds Coppice", "THEME": "ancient woodland", "THEMNAME": "Ancient & Semi-Natural Woodland", "THEMID": 1503640.0, "STATUS": "ASNW", "PERIMETER": 605.78694130600002, "AREA": 1.399365985, "X_COORD": 343640.0, "Y_COORD": 266950.0, "Shape_Leng": 605.78694130600002, "Shape_Area": 13993.65985 }, "geometry": { "type": "Polygon", "coordinates": [ [ [ -2.829433724278019, 52.297416643538071, 50.216505627147853 ], [ -2.828401853318247, 52.298172164937966, 50.216030878946185 ], [ -2.826480458899234, 52.298520974699983, 50.214223436079919 ], [ -2.827504103183175, 52.297054651204476, 50.214069006033242 ], [ -2.828915014190107, 52.297555323228288, 50.216056603007019 ], [ -2.829433724278019, 52.297416643538071, 50.216505627147853 ] ] ] } },
{ "type": "Feature", "properties": { "NAME": "Birtley Coppice", "THEME": "ancient woodland", "THEMNAME": "Ancient Replanted Woodland", "THEMID": 1503631.0, "STATUS": "PAWS", "PERIMETER": 814.59462270699998, "AREA": 2.6606686096200001, "X_COORD": 342002.0, "Y_COORD": 264635.0, "Shape_Leng": 814.59462270699998, "Shape_Area": 26606.686096199999 }, "geometry": { "type": "Polygon", "coordinates": [ [ [ -2.852880177840293, 52.277814696980187, 50.225110868923366 ], [ -2.852596886730113, 52.278013749858594, 50.224974437616765 ], [ -2.849425621482573, 52.276201042890882, 50.219904329627752 ], [ -2.849670225878351, 52.275694375060823, 50.219728495925665 ], [ -2.851369963937227, 52.275992571150802, 50.221855821087956 ], [ -2.853543796519458, 52.277299575434121, 50.225387604907155 ], [ -2.852880177840293, 52.277814696980187, 50.225110868923366 ] ] ] } },
{ "type": "Feature", "properties": { "NAME": "Black and Near Hill or Black Mere Wood", "THEME": "ancient woodland", "THEMNAME": "Ancient Replanted Woodland", "THEMID": 1504450.0, "STATUS": "PAWS", "PERIMETER": 1846.9546269099999, "AREA": 13.977479607599999, "X_COORD": 340898.0, "Y_COORD": 265351.0, "Shape_Leng": 1846.9546269099999, "Shape_Area": 139774.796076 }, "geometry": { "type": "Polygon", "coordinates": [ [ [ -2.872447972824369, 52.282583714878207, 50.250744660384953 ], [ -2.871904046611302, 52.283455968599107, 50.250911784358323 ], [ -2.87091513988671, 52.283136825908883, 50.249548993073404 ], [ -2.868724822490077, 52.283409300744353, 50.247387026436627 ], [ -2.86803249462525, 52.284243800852735, 50.247358231805265 ], [ -2.868523688504463, 52.284904127056933, 50.24847409594804 ], [ -2.868131156984111, 52.284993568576866, 50.2481221081689 ], [ -2.86457267789703, 52.284966653448528, 50.244197987020016 ], [ -2.862934653619658, 52.284488615423562, 50.241983987390995 ], [ -2.863361152733809, 52.283957725233357, 50.241987186484039 ], [ -2.865406850108702, 52.283164211479345, 50.243535695597529 ], [ -2.867233290992667, 52.281884946250393, 50.244418338872492 ], [ -2.870058516772731, 52.281086430290877, 50.246815937571228 ], [ -2.870908233887749, 52.281040618139173, 50.247707031667233 ], [ -2.872447972824369, 52.282583714878207, 50.250744660384953 ] ] ] } },
{ "type": "Feature", "properties": { "NAME": "Black Mere Wood", "THEME": "ancient woodland", "THEMNAME": "Ancient Replanted Woodland", "THEMID": 1504371.0, "STATUS": "PAWS", "PERIMETER": 900.86273085400001, "AREA": 2.01822601798, "X_COORD": 341126.0, "Y_COORD": 264993.0, "Shape_Leng": 900.86273085400001, "Shape_Area": 20182.2601798 }, "geometry": { "type": "Polygon", "coordinates": [ [ [ -2.865930848050998, 52.28043926815068, 50.241725010797381 ], [ -2.864906886336067, 52.280818993847049, 50.240934892557561 ], [ -2.864521890942683, 52.280183127342362, 50.239956014789641 ], [ -2.862845775373178, 52.280464835909704, 50.238364877179265 ], [ -2.862458941348851, 52.2800798116685, 50.237603516317904 ], [ -2.863065821153282, 52.280043729748776, 50.238237396813929 ], [ -2.863996130248033, 52.279521588021957, 50.238800192251801 ], [ -2.863832079884197, 52.279263951462717, 50.238394650630653 ], [ -2.865022209952641, 52.278920609489091, 50.23939881939441 ], [ -2.864510257722725, 52.279550435405099, 50.239389171823859 ], [ -2.864789642045888, 52.279871712507529, 50.239976864308119 ], [ -2.866034032864863, 52.280015364257252, 50.241466941311955 ], [ -2.865930848050998, 52.28043926815068, 50.241725010797381 ] ] ] } },
{ "type": "Feature", "properties": { "NAME": "Broom Hills Wood", "THEME": "ancient woodland", "THEMNAME": "Ancient & Semi-Natural Woodland", "THEMID": 1504370.0, "STATUS": "ASNW", "PERIMETER": 769.56724003600004, "AREA": 1.8742912809400001, "X_COORD": 345319.0, "Y_COORD": 268257.0, "Shape_Leng": 769.56724003600004, "Shape_Area": 18742.912809400001 }, "geometry": { "type": "Polygon", "coordinates": [ [ [ -2.80503231790928, 52.309798978819337, 50.200460457243025 ], [ -2.804304340818395, 52.309814728122099, 50.199672871269286 ], [ -2.802983442405793, 52.310500698015552, 50.19881590269506 ], [ -2.801942079146798, 52.309939438832238, 50.197180942632258 ], [ -2.802864273138057, 52.30922797916773, 50.197576828300953 ], [ -2.803896092426489, 52.308940447402868, 50.198462357744575 ], [ -2.804222860994099, 52.308931782463297, 50.198814517818391 ], [ -2.804075013250653, 52.30913930967521, 50.198832451365888 ], [ -2.804438769308218, 52.309608290907654, 50.199641140177846 ], [ -2.804539735251137, 52.309001764998762, 50.199224252253771 ], [ -2.80503231790928, 52.309798978819337, 50.200460457243025 ] ] ] } },
{ "type": "Feature", "properties": { "NAME": "Broomy Hill Coppice", "THEME": "ancient woodland", "THEMNAME": "Ancient & Semi-Natural Woodland", "THEMID": 1503623.0, "STATUS": "ASNW", "PERIMETER": 626.01578798599996, "AREA": 1.40742202, "X_COORD": 343682.0, "Y_COORD": 268081.0, "Shape_Leng": 626.01578798599996, "Shape_Area": 14074.2202 }, "geometry": { "type": "Polygon", "coordinates": [ [ [ -2.828279338018592, 52.307981531804934, 50.224444085732102 ], [ -2.827277580522062, 52.308187243476929, 50.223522366024554 ], [ -2.827452012322701, 52.308786853476569, 50.224235814064741 ], [ -2.826813812888098, 52.308912155617023, 50.223643554374576 ], [ -2.826203385994445, 52.308158263147774, 50.222316710278392 ], [ -2.828371231789655, 52.306885849340972, 50.223591366782784 ], [ -2.828620498649735, 52.307902899159657, 50.22475050482899 ], [ -2.828279338018592, 52.307981531804934, 50.224444085732102 ] ] ] } },
{ "type": "Feature", "properties": { "NAME": "Broomy Hills Rough", "THEME": "ancient woodland", "THEMNAME": "Ancient & Semi-Natural Woodland", "THEMID": 1503616.0, "STATUS": "ASNW", "PERIMETER": 348.65880162600001, "AREA": 0.63096085, "X_COORD": 343707.0, "Y_COORD": 268286.0, "Shape_Leng": 348.65880162600001, "Shape_Area": 6309.6085000100002 }, "geometry": { "type": "Polygon", "coordinates": [ [ [ -2.82760147680216, 52.310249362169841, 50.225672362372279 ], [ -2.827568584526039, 52.310451877900817, 50.225812360644341 ], [ -2.826917815720955, 52.310085131178965, 50.224778300151229 ], [ -2.826570813385968, 52.309276621712783, 50.223693639039993 ], [ -2.827381453943694, 52.309226891259804, 50.224541146308184 ], [ -2.82760147680216, 52.310249362169841, 50.225672362372279 ] ] ] } },
{ "type": "Feature", "properties": { "NAME": "BRUSH WOOD", "THEME": "ancient woodland", "THEMNAME": "Ancient Replanted Woodland", "THEMID": 1106042.0, "STATUS": "PAWS", "PERIMETER": 3033.17892403, "AREA": 19.157187652200001, "X_COORD": 347227.0, "Y_COORD": 271252.0, "Shape_Leng": 3033.17892403, "Shape_Area": 191571.87652200001 }, "geometry": { "type": "Polygon", "coordinates": [ [ [ -2.779871679381329, 52.333277678149862, 50.193129042163491 ], [ -2.781184906939232, 52.333446874435431, 50.194722907617688 ], [ -2.782522188649361, 52.333138630922846, 50.195929817855358 ], [ -2.781597821368161, 52.33387761891818, 50.195550835691392 ], [ -2.777433657612674, 52.335515359452351, 50.192378394305706 ], [ -2.779829657705338, 52.335896016731169, 50.195348777808249 ], [ -2.780423751823681, 52.336476750252871, 50.19650592841208 ], [ -2.778438430514851, 52.337074868742498, 50.194835120812058 ], [ -2.776448223251805, 52.336478505233544, 50.192125373519957 ], [ -2.775642917885347, 52.337855606010272, 50.192428713664412 ], [ -2.771333940503623, 52.34064928220203, 50.190092884004116 ], [ -2.770251219718491, 52.339921774660411, 50.188270000740886 ], [ -2.771831683494438, 52.337201813469896, 50.187660839408636 ], [ -2.773015688997304, 52.336758880915063, 50.188583328388631 ], [ -2.774786668440439, 52.334971823961986, 50.18898974917829 ], [ -2.775536835286369, 52.335147465281352, 50.189968873746693 ], [ -2.779871679381329, 52.333277678149862, 50.193129042163491 ] ] ] } },
{ "type": "Feature", "properties": { "NAME": "BURREL WOOD", "THEME": "ancient woodland", "THEMNAME": "Ancient & Semi-Natural Woodland", "THEMID": 1106038.0, "STATUS": "ASNW", "PERIMETER": 1340.91168333, "AREA": 7.3027113681799998, "X_COORD": 345879.0, "Y_COORD": 270667.0, "Shape_Leng": 1340.91168333, "Shape_Area": 73027.113681799994 }, "geometry": { "type": "Polygon", "coordinates": [ [ [ -2.797850250375751, 52.331603330546834, 50.211482654325664 ], [ -2.796423453648573, 52.331731509743676, 50.210022986866534 ], [ -2.797008183068586, 52.332556333081747, 50.21138063352555 ], [ -2.796161320963301, 52.333096191599779, 50.21091560088098 ], [ -2.79447279659241, 52.333132727778434, 50.209088279865682 ], [ -2.793085532013879, 52.33261976839696, 50.207116854377091 ], [ -2.79301167647678, 52.332427834668245, 50.206869391724467 ], [ -2.794000185418825, 52.332228764560654, 50.207785516045988 ], [ -2.79485112437832, 52.33115321882444, 50.207791279070079 ], [ -2.794996239044892, 52.329536320137791, 50.206550751812756 ], [ -2.796713353258964, 52.329765173342146, 50.208639463409781 ], [ -2.796504424603333, 52.330056080854504, 50.208661408163607 ], [ -2.798035009225397, 52.330709230701139, 50.210911930538714 ], [ -2.797850250375751, 52.331603330546834, 50.211482654325664 ] ] ] } },
{ "type": "Feature", "properties": { "NAME": "BURREL WOOD", "THEME": "ancient woodland", "THEMNAME": "Ancient Replanted Woodland", "THEMID": 1106038.0, "STATUS": "PAWS", "PERIMETER": 337.59766568600003, "AREA": 0.73163765127000002, "X_COORD": 345783.0, "Y_COORD": 270732.0, "Shape_Leng": 337.59766568600003, "Shape_Area": 7316.3765126899998 }, "geometry": { "type": "Polygon", "coordinates": [ [ [ -2.797850250375751, 52.331603330546834, 50.211482654325664 ], [ -2.797287197301016, 52.332286612306142, 50.211454321630299 ], [ -2.797008183068586, 52.332556333081747, 50.21138063352555 ], [ -2.796423453648573, 52.331731509743676, 50.210022986866534 ], [ -2.797850250375751, 52.331603330546834, 50.211482654325664 ] ] ] } },
{ "type": "Feature", "properties": { "NAME": "Calders Coppice", "THEME": "ancient woodland", "THEMNAME": "Ancient & Semi-Natural Woodland", "THEMID": 1503642.0, "STATUS": "ASNW", "PERIMETER": 615.28509659899998, "AREA": 1.0117744355, "X_COORD": 347190.0, "Y_COORD": 267395.0, "Shape_Leng": 615.28509659899998, "Shape_Area": 10117.744355000001 }, "geometry": { "type": "Polygon", "coordinates": [ [ [ -2.777640584163853, 52.301942222953933, 50.163427873514593 ], [ -2.777583474989835, 52.302223280553797, 50.163610201328993 ], [ -2.774225400761196, 52.302391891844238, 50.160052326507866 ], [ -2.774252785152058, 52.302036590038405, 50.159772388637066 ], [ -2.777640584163853, 52.301942222953933, 50.163427873514593 ] ] ] } },
{ "type": "Feature", "properties": { "NAME": "CHAFF WOOD", "THEME": "ancient woodland", "THEMNAME": "Ancient & Semi-Natural Woodland", "THEMID": 1105998.0, "STATUS": "ASNW", "PERIMETER": 573.76001546600003, "AREA": 1.5089499682600001, "X_COORD": 341819.0, "Y_COORD": 263468.0, "Shape_Leng": 573.76001546600003, "Shape_Area": 15089.499682600001 }, "geometry": { "type": "Polygon", "coordinates": [ [ [ -2.854039447428858, 52.266661260480411, 50.216593102551997 ], [ -2.852308827744822, 52.266227696930073, 50.214312249794602 ], [ -2.852431799718528, 52.265791971828982, 50.214064152911305 ], [ -2.855398708984334, 52.265940919238595, 50.217451764270663 ], [ -2.85540609365333, 52.266788880019433, 50.218205268494785 ], [ -2.854039447428858, 52.266661260480411, 50.216593102551997 ] ] ] } },
{ "type": "Feature", "properties": { "NAME": "CHAFF WOOD", "THEME": "ancient woodland", "THEMNAME": "Ancient & Semi-Natural Woodland", "THEMID": 1105998.0, "STATUS": "ASNW", "PERIMETER": 243.570870926, "AREA": 0.38014856914, "X_COORD": 341195.0, "Y_COORD": 263497.0, "Shape_Leng": 243.570870926, "Shape_Area": 3801.4856913899998 }, "geometry": { "type": "Polygon", "coordinates": [ [ [ -2.862880959861326, 52.266105316446968, 50.225805914029479 ], [ -2.863644755761289, 52.266396153027671, 50.226899304427207 ], [ -2.863195101624783, 52.266821067928085, 50.226779517717659 ], [ -2.862710054516721, 52.266811221727515, 50.226238830946386 ], [ -2.862880959861326, 52.266105316446968, 50.225805914029479 ] ] ] } },
{ "type": "Feature", "properties": { "NAME": "CHAFF WOOD", "THEME": "ancient woodland", "THEMNAME": "Ancient & Semi-Natural Woodland", "THEMID": 1105998.0, "STATUS": "ASNW", "PERIMETER": 290.12857582100003, "AREA": 0.49370207153000001, "X_COORD": 341098.0, "Y_COORD": 263513.0, "Shape_Leng": 290.12857582100003, "Shape_Area": 4937.0207153000001 }, "geometry": { "type": "Polygon", "coordinates": [ [ [ -2.863752261890652, 52.266457114315344, 50.227070791646838 ], [ -2.86471229044779, 52.266239227400192, 50.227932243607938 ], [ -2.865254750358242, 52.266374655945064, 50.228646187111735 ], [ -2.864692307648802, 52.266975577706845, 50.228557407855988 ], [ -2.863752261890652, 52.266457114315344, 50.227070791646838 ] ] ] } },
{ "type": "Feature", "properties": { "NAME": "CHAFF WOOD", "THEME": "ancient woodland", "THEMNAME": "Ancient & Semi-Natural Woodland", "THEMID": 1105998.0, "STATUS": "ASNW", "PERIMETER": 780.52939636799999, "AREA": 0.56579684716, "X_COORD": 340348.0, "Y_COORD": 263918.0, "Shape_Leng": 780.52939636799999, "Shape_Area": 5657.9684716399997 }, "geometry": { "type": "Polygon", "coordinates": [ [ [ -2.873305571353693, 52.269089772270945, 50.23985739517957 ], [ -2.873437216736361, 52.269080709442406, 50.239993715658784 ], [ -2.877723890952435, 52.27101691801532, 50.246390191838145 ], [ -2.877408185920263, 52.271195968778542, 50.246201432310045 ], [ -2.873305571353693, 52.269089772270945, 50.23985739517957 ] ] ] } },
{ "type": "Feature", "properties": { "NAME": "CHAFF WOOD", "THEME": "ancient woodland", "THEMNAME": "Ancient Replanted Woodland", "THEMID": 1105998.0, "STATUS": "PAWS", "PERIMETER": 765.43578667899999, "AREA": 3.0666762365800002, "X_COORD": 338240.0, "Y_COORD": 264650.0, "Shape_Leng": 765.43578667899999, "Shape_Area": 30666.762365800001 }, "geometry": { "type": "Polygon", "coordinates": [ [ [ -2.904911154899258, 52.277082546568145, 50.281457372941077 ], [ -2.904661828875289, 52.276714063063373, 50.280862250365317 ], [ -2.907701302605317, 52.275455729382273, 50.283082612790167 ], [ -2.908728914648, 52.276196394786488, 50.284854150377214 ], [ -2.905577210351335, 52.277636401252508, 50.282670206390321 ], [ -2.904911154899258, 52.277082546568145, 50.281457372941077 ] ] ] } },
{ "type": "Feature", "properties": { "NAME": "CHAFF WOOD", "THEME": "ancient woodland", "THEMNAME": "Ancient Replanted Woodland", "THEMID": 1105998.0, "STATUS": "PAWS", "PERIMETER": 12110.820733500001, "AREA": 211.54417300700001, "X_COORD": 339530.0, "Y_COORD": 264302.0, "Shape_Leng": 12110.820733500001, "Shape_Area": 2115441.73007 }, "geometry": { "type": "Polygon", "coordinates": [ [ [ -2.878274179659865, 52.27913398891868, 50.254107720218599 ], [ -2.87582160119925, 52.276887515308694, 50.249453516677022 ], [ -2.873822678923935, 52.276029507265797, 50.24651156924665 ], [ -2.874869885976246, 52.273936594234577, 50.245824300684035 ], [ -2.875695939393833, 52.273927992310583, 50.246721832081676 ], [ -2.874594337791625, 52.272963571952374, 50.244669073261321 ], [ -2.875944628050367, 52.272224276150311, 50.245500109158456 ], [ -2.873166234467931, 52.272144015557849, 50.242385235615075 ], [ -2.870863236977383, 52.271614740003066, 50.239396805875003 ], [ -2.870234304341103, 52.270677709424795, 50.237885084934533 ], [ -2.868733160338625, 52.269692720318638, 50.23537481110543 ], [ -2.868972245107949, 52.269542568962606, 50.235505092889071 ], [ -2.865319044896178, 52.267976199112645, 50.230123846791685 ], [ -2.860965968149129, 52.267102763390128, 50.224581822752953 ], [ -2.855442629287114, 52.26652778542973, 50.218015869148076 ], [ -2.855398708984334, 52.265940919238595, 50.217451764270663 ], [ -2.862678602499974, 52.266149667855423, 50.225622928701341 ], [ -2.862710054516721, 52.266811221727515, 50.226238830946386 ], [ -2.863195101624783, 52.266821067928085, 50.226779517717659 ], [ -2.863644755761289, 52.266396153027671, 50.226899304427207 ], [ -2.864692307648802, 52.266975577706845, 50.228557407855988 ], [ -2.865254750358242, 52.266374655945064, 50.228646187111735 ], [ -2.866766450061803, 52.266839027947974, 50.230712006799877 ], [ -2.866487543395054, 52.267102805614819, 50.230637934990227 ], [ -2.867372222591443, 52.266856239025032, 50.231391376815736 ], [ -2.868723138968403, 52.26728932144956, 50.233253068290651 ], [ -2.869095919219335, 52.268298263181144, 50.234548009932041 ], [ -2.871116018269161, 52.26938376963431, 50.237715696915984 ], [ -2.873199888086166, 52.269116439678847, 50.239764987491071 ], [ -2.877408185920263, 52.271195968778542, 50.246201432310045 ], [ -2.876833537895406, 52.271681364832538, 50.24599773157388 ], [ -2.877321450471771, 52.271821187232902, 50.246654936112463 ], [ -2.876786066215712, 52.273329121369578, 50.247391017153859 ], [ -2.877145343775865, 52.274003426257721, 50.248375887982547 ], [ -2.87885928597558, 52.27433590589321, 50.250544873997569 ], [ -2.878988755924365, 52.274655902299877, 50.250967201776803 ], [ -2.88160612808312, 52.273957522689138, 50.25322159845382 ], [ -2.881619411448911, 52.273463894067696, 50.252803361974657 ], [ -2.879020081338739, 52.271481837715648, 50.248218029737473 ], [ -2.882866328270218, 52.273304475975891, 50.254029064439237 ], [ -2.884823040429767, 52.273163004738478, 50.256047532893717 ], [ -2.8870315813047, 52.27256841306999, 50.257944068871439 ], [ -2.888987499260806, 52.272613019803941, 50.260124166496098 ], [ -2.890887665714237, 52.27206462886781, 50.261722977273166 ], [ -2.891866379653294, 52.273101495911838, 50.263703092001379 ], [ -2.894565171374816, 52.27233505785815, 50.265984132885933 ], [ -2.894360230627999, 52.271785207722182, 50.265277806669474 ], [ -2.897724577903401, 52.270819039247741, 50.26811105478555 ], [ -2.898295058870613, 52.268349124548912, 50.26656830124557 ], [ -2.899242149088859, 52.268053488946414, 50.267344808205962 ], [ -2.900088708008262, 52.268175654739764, 50.268377942033112 ], [ -2.901180393330048, 52.268969233735582, 50.270268178544939 ], [ -2.903897743918919, 52.267831878466957, 50.272241652011871 ], [ -2.907495897297809, 52.268938015564409, 50.277145737782121 ], [ -2.910008504087432, 52.270194427495866, 50.280993760563433 ], [ -2.912472125075879, 52.272694563081259, 50.285877149552107 ], [ -2.914165003550897, 52.273272964986838, 50.288233326748013 ], [ -2.913163143984578, 52.273444390685206, 50.287289030849934 ], [ -2.913453336962017, 52.274064204114687, 50.288148975931108 ], [ -2.912813791413023, 52.273632335046756, 50.287072005681694 ], [ -2.909833728145597, 52.273826112595458, 50.28398565761745 ], [ -2.907456330893852, 52.274531274630128, 50.282005237415433 ], [ -2.900801623941618, 52.277318991879746, 50.277171598747373 ], [ -2.898833905458678, 52.277574059730043, 50.275243188254535 ], [ -2.893398918937367, 52.279024090475552, 50.270567690953612 ], [ -2.89042511697469, 52.279112170514558, 50.26739105861634 ], [ -2.88360271395763, 52.280484213925583, 50.261124608106911 ], [ -2.881433883409587, 52.28058671125148, 50.258839688263834 ], [ -2.87902983684391, 52.279992376972665, 50.255686843767762 ], [ -2.878283158055457, 52.279587994223498, 50.254515051841736 ], [ -2.878274179659865, 52.27913398891868, 50.254107720218599 ] ] ] } },
{ "type": "Feature", "properties": { "NAME": "CHURCH WOOD", "THEME": "ancient woodland", "THEMNAME": "Ancient & Semi-Natural Woodland", "THEMID": 1106000.0, "STATUS": "ASNW", "PERIMETER": 1963.0987501499999, "AREA": 2.3324957963499999, "X_COORD": 341161.0, "Y_COORD": 264181.0, "Shape_Leng": 1963.0987501499999, "Shape_Area": 23324.957963500001 }, "geometry": { "type": "Polygon", "coordinates": [ [ [ -2.861495490361423, 52.269256640324571, 50.227054869756103 ], [ -2.86284332798586, 52.26946196703318, 50.228713600896299 ], [ -2.862493747419252, 52.269902685468466, 50.228717174381018 ], [ -2.865216425465445, 52.271281016698239, 50.232913160696626 ], [ -2.865820976502069, 52.27193306465557, 50.234148318879306 ], [ -2.864732595897276, 52.272931606035648, 50.23383101541549 ], [ -2.863916347378119, 52.274895699277778, 50.234658671543002 ], [ -2.86276920215957, 52.2762965920965, 50.234628933481872 ], [ -2.865238398859349, 52.271838469215254, 50.233426492661238 ], [ -2.863610637691034, 52.2706143644794, 50.230566996149719 ], [ -2.861856534407016, 52.269848827514878, 50.227970944717526 ], [ -2.861495490361423, 52.269256640324571, 50.227054869756103 ] ] ] } },
{ "type": "Feature", "properties": { "NAME": "CHURCH WOOD", "THEME": "ancient woodland", "THEMNAME": "Ancient Replanted Woodland", "THEMID": 1106000.0, "STATUS": "PAWS", "PERIMETER": 5227.7305707899995, "AREA": 20.245286860699998, "X_COORD": 341385.0, "Y_COORD": 264309.0, "Shape_Leng": 5227.7305707899995, "Shape_Area": 202452.86860700001 }, "geometry": { "type": "Polygon", "coordinates": [ [ [ -2.86234162496301, 52.279314364441085, 50.236804446205497 ], [ -2.864423531012657, 52.277907444748465, 50.2378547815606 ], [ -2.863238353547944, 52.276882233179535, 50.235656755976379 ], [ -2.86252821325897, 52.277073473916104, 50.23504561278969 ], [ -2.862017073918473, 52.276640303987477, 50.234105382114649 ], [ -2.861722101691288, 52.275563633267943, 50.2328379759565 ], [ -2.863451831391022, 52.273839147874675, 50.233222643844783 ], [ -2.864638469091935, 52.271857964701411, 50.232785727828741 ], [ -2.862676083864227, 52.270649600129659, 50.229572943411767 ], [ -2.860576906471931, 52.270844682180162, 50.22744164057076 ], [ -2.857770118760695, 52.269688318476049, 50.223346927203238 ], [ -2.857826716819143, 52.269284167540185, 50.223054067231715 ], [ -2.852848121511703, 52.268459826207398, 50.216866063885391 ], [ -2.849880744176223, 52.267429368111891, 50.212702850811183 ], [ -2.855375087764882, 52.268523421823623, 50.21969547867775 ], [ -2.861330523859383, 52.2691800077369, 50.226806607097387 ], [ -2.861856534407016, 52.269848827514878, 50.227970944717526 ], [ -2.865088223508212, 52.271548000594649, 50.233006898313761 ], [ -2.865183068204784, 52.272043800485086, 50.233546008355916 ], [ -2.862715147782265, 52.27623254396407, 50.234513507224619 ], [ -2.865065219329345, 52.275039091672781, 50.23604419734329 ], [ -2.866980074776713, 52.275445949722631, 50.238500380888581 ], [ -2.867380760552235, 52.276564163791804, 50.239919843152165 ], [ -2.865059695746956, 52.278844452095349, 50.239373208023608 ], [ -2.863810433776877, 52.27924250832978, 50.238352136686444 ], [ -2.863974491577604, 52.27950016104792, 50.238757697865367 ], [ -2.863055916604021, 52.280037618480328, 50.23822118435055 ], [ -2.862448237515479, 52.28007450544586, 50.237587131559849 ], [ -2.86234162496301, 52.279314364441085, 50.236804446205497 ] ] ] } },
{ "type": "Feature", "properties": { "NAME": "CHURCH WOOD", "THEME": "ancient woodland", "THEMNAME": "Ancient Replanted Woodland", "THEMID": 1106000.0, "STATUS": "PAWS", "PERIMETER": 8353.7051207299992, "AREA": 102.058955103, "X_COORD": 341164.0, "Y_COORD": 265401.0, "Shape_Leng": 8353.7051207299992, "Shape_Area": 1020589.55103 }, "geometry": { "type": "Polygon", "coordinates": [ [ [ -2.860095886006414, 52.287781838749758, 50.241750873625278 ], [ -2.858999985683822, 52.288049658465567, 50.240783158689737 ], [ -2.856873764204308, 52.287344098112619, 50.237834395840764 ], [ -2.85859659116195, 52.286142117419637, 50.238673051819205 ], [ -2.858516858885977, 52.285731858905557, 50.238226818852127 ], [ -2.855426669363721, 52.286336439134274, 50.235365917906165 ], [ -2.849370328165155, 52.284956478428512, 50.227513186633587 ], [ -2.847430389728022, 52.284318615260069, 50.224825614131987 ], [ -2.846806832821885, 52.283754871795644, 50.22364766895771 ], [ -2.846724453342202, 52.282927224971154, 50.222832695581019 ], [ -2.849019200054487, 52.282693415559415, 50.22514705080539 ], [ -2.849008395876581, 52.282444438217226, 50.224917204119265 ], [ -2.852397838431231, 52.28329121381649, 50.229378436692059 ], [ -2.854784438353863, 52.283220928871927, 50.231935630552471 ], [ -2.856836062173274, 52.283642959885583, 50.234555741772056 ], [ -2.862738744014536, 52.283382372826118, 50.240801350213587 ], [ -2.862564257615737, 52.283154455340629, 50.240410588681698 ], [ -2.863870894493975, 52.28240663149824, 50.24118881765753 ], [ -2.863393437892597, 52.282074874290529, 50.240374946035445 ], [ -2.863973440365247, 52.281291196244929, 50.240324875339866 ], [ -2.866178588575361, 52.280363928890218, 50.241930635645986 ], [ -2.866034032864863, 52.280015364257252, 50.241466941311955 ], [ -2.864789642045888, 52.279871712507529, 50.239976864308119 ], [ -2.864510257722725, 52.279550435405099, 50.239389171823859 ], [ -2.865374121561626, 52.278774377935889, 50.239656554535031 ], [ -2.868482251557533, 52.277538718181752, 50.241981319151819 ], [ -2.870792012548786, 52.278183036969821, 50.245077384635806 ], [ -2.874454492793403, 52.281076419785244, 50.251624010503292 ], [ -2.877352297368362, 52.281960276046028, 50.255571791902184 ], [ -2.879229054434584, 52.283034664245221, 50.258567104116082 ], [ -2.878247927837626, 52.284180561272628, 50.25849480368197 ], [ -2.87653248753741, 52.284911716819508, 50.257255330681801 ], [ -2.870289156327699, 52.286792794930932, 50.252060036174953 ], [ -2.865937627718453, 52.287455925621906, 50.247870630584657 ], [ -2.864470989797802, 52.288255185607447, 50.246961455792189 ], [ -2.859443747125885, 52.289012002771251, 50.24211083073169 ], [ -2.858994538084731, 52.28859904042654, 50.241257334128022 ], [ -2.860356499967421, 52.287993942644569, 50.242222048342228 ], [ -2.860095886006414, 52.287781838749758, 50.241750873625278 ] ], [ [ -2.868520917316054, 52.28352656563446, 50.247266137041152 ], [ -2.870281410899749, 52.283141499349725, 50.248858624137938 ], [ -2.871904046611302, 52.283455968599107, 50.250911784358323 ], [ -2.872282998108002, 52.28321157326895, 50.251113202422857 ], [ -2.872170007607374, 52.281963353152484, 50.249897262081504 ], [ -2.870908233887749, 52.281040618139173, 50.247707031667233 ], [ -2.867281346636097, 52.281863920418829, 50.244452611543238 ], [ -2.865406850108702, 52.283164211479345, 50.243535695597529 ], [ -2.863361152733809, 52.283957725233357, 50.241987186484039 ], [ -2.862934653619658, 52.284488615423562, 50.241983987390995 ], [ -2.86457267789703, 52.284966653448528, 50.244197987020016 ], [ -2.867986504055645, 52.285019798442235, 50.247986508533359 ], [ -2.868523688504463, 52.284904127056933, 50.24847409594804 ], [ -2.86803249462525, 52.284243800852735, 50.247358231805265 ], [ -2.868520917316054, 52.28352656563446, 50.247266137041152 ] ] ] } },
{ "type": "Feature", "properties": { "NAME": "Common Wood", "THEME": "ancient woodland", "THEMNAME": "Ancient & Semi-Natural Woodland", "THEMID": 1503870.0, "STATUS": "ASNW", "PERIMETER": 638.16721904200006, "AREA": 1.09611174, "X_COORD": 338532.0, "Y_COORD": 264995.0, "Shape_Leng": 638.16721904200006, "Shape_Area": 10961.1174 }, "geometry": { "type": "Polygon", "coordinates": [ [ [ -2.904109349864552, 52.280226244359028, 50.283331828191876 ], [ -2.904068037711911, 52.280414642925997, 50.283451461233199 ], [ -2.903346422048194, 52.280235141588179, 50.282505649141967 ], [ -2.90047504379026, 52.278964148677993, 50.278254450298846 ], [ -2.902174574321995, 52.279091784817737, 50.280224301852286 ], [ -2.904109349864552, 52.280226244359028, 50.283331828191876 ] ] ] } },
{ "type": "Feature", "properties": { "NAME": "Cross Bank Rough", "THEME": "ancient woodland", "THEMNAME": "Ancient & Semi-Natural Woodland", "THEMID": 1503873.0, "STATUS": "ASNW", "PERIMETER": 443.47800175200001, "AREA": 0.66014965, "X_COORD": 338620.0, "Y_COORD": 265312.0, "Shape_Leng": 443.47800175200001, "Shape_Area": 6601.4965000100001 }, "geometry": { "type": "Polygon", "coordinates": [ [ [ -2.901598462419032, 52.282323610971225, 50.28242118190974 ], [ -2.901568948950456, 52.282819394888215, 50.282822344452143 ], [ -2.901097035023632, 52.283424374969421, 50.282835254445672 ], [ -2.900754566604471, 52.28171752743026, 50.280968628823757 ], [ -2.901598462419032, 52.282323610971225, 50.28242118190974 ] ] ] } },
{ "type": "Feature", "properties": { "NAME": "Cross Bank Rough", "THEME": "ancient woodland", "THEMNAME": "Ancient & Semi-Natural Woodland", "THEMID": 1503874.0, "STATUS": "ASNW", "PERIMETER": 590.93812459599997, "AREA": 1.3583784000100001, "X_COORD": 338356.0, "Y_COORD": 265557.0, "Shape_Leng": 590.93812459599997, "Shape_Area": 13583.7840001 }, "geometry": { "type": "Polygon", "coordinates": [ [ [ -2.906664408108468, 52.284712438926483, 50.290045942179859 ], [ -2.905777771984048, 52.284826681773701, 50.289176846854389 ], [ -2.903435409952252, 52.285250642577395, 50.286987219937146 ], [ -2.903708904289337, 52.284649869492917, 50.286761288531125 ], [ -2.906632241736173, 52.284084786666192, 50.289462414570153 ], [ -2.906664408108468, 52.284712438926483, 50.290045942179859 ] ] ] } },
{ "type": "Feature", "properties": { "NAME": "Cross Bank Rough", "THEME": "ancient woodland", "THEMNAME": "Ancient & Semi-Natural Woodland", "THEMID": 1503875.0, "STATUS": "ASNW", "PERIMETER": 662.67299497099998, "AREA": 1.114066515, "X_COORD": 338586.0, "Y_COORD": 265490.0, "Shape_Leng": 662.67299497099998, "Shape_Area": 11140.66515 }, "geometry": { "type": "Polygon", "coordinates": [ [ [ -2.903193984043681, 52.284631962992918, 50.286182823590934 ], [ -2.901463241231373, 52.283988432611658, 50.283728578127921 ], [ -2.899929174943632, 52.284562314754815, 50.282552940770984 ], [ -2.900490113148299, 52.283835108476666, 50.282530711963773 ], [ -2.901293439947943, 52.283524019236417, 50.283137063495815 ], [ -2.903436696309638, 52.284377202059865, 50.2862255172804 ], [ -2.903193984043681, 52.284631962992918, 50.286182823590934 ] ] ] } },
{ "type": "Feature", "properties": { "NAME": "Dale Coppice", "THEME": "ancient woodland", "THEMNAME": "Ancient & Semi-Natural Woodland", "THEMID": 1503638.0, "STATUS": "ASNW", "PERIMETER": 1176.8219241300001, "AREA": 3.052476405, "X_COORD": 344654.0, "Y_COORD": 267278.0, "Shape_Leng": 1176.8219241300001, "Shape_Area": 30524.76405 }, "geometry": { "type": "Polygon", "coordinates": [ [ [ -2.815841922419922, 52.301140613421552, 50.204810684546828 ], [ -2.814937765691037, 52.30142511208053, 50.204064207151532 ], [ -2.813505436822368, 52.300730137221223, 50.201882300898433 ], [ -2.812223502271818, 52.300798299648086, 50.200531309470534 ], [ -2.810984073647072, 52.301523448588789, 50.199800013564527 ], [ -2.809640607561677, 52.301998374134662, 50.198735808953643 ], [ -2.809403302153119, 52.301852557634021, 50.198347480967641 ], [ -2.811849057448292, 52.30045096618408, 50.199816299602389 ], [ -2.814145570687457, 52.299811395151245, 50.20178506243974 ], [ -2.81603883228104, 52.300994775976037, 50.204900088720024 ], [ -2.815841922419922, 52.301140613421552, 50.204810684546828 ] ] ] } },
{ "type": "Feature", "properties": { "NAME": "Darley Wood, The Bank", "THEME": "ancient woodland", "THEMNAME": "Ancient & Semi-Natural Woodland", "THEMID": 1503872.0, "STATUS": "ASNW", "PERIMETER": 685.36604504699994, "AREA": 1.428111385, "X_COORD": 337602.0, "Y_COORD": 265156.0, "Shape_Leng": 685.36604504699994, "Shape_Area": 14281.11385 }, "geometry": { "type": "Polygon", "coordinates": [ [ [ -2.918234166365697, 52.281295166180549, 50.299697373993695 ], [ -2.914005672890065, 52.281341735609338, 50.295120423659682 ], [ -2.913959235648432, 52.28110105851205, 50.294859294779599 ], [ -2.914323185107204, 52.280793820281083, 50.294988188892603 ], [ -2.91638964694782, 52.280647524354087, 50.297117091715336 ], [ -2.918058103212399, 52.280847817045554, 50.29911407828331 ], [ -2.918234166365697, 52.281295166180549, 50.299697373993695 ] ] ] } },
{ "type": "Feature", "properties": { "NAME": "Edge Coppice", "THEME": "ancient woodland", "THEMNAME": "Ancient Replanted Woodland", "THEMID": 1503639.0, "STATUS": "PAWS", "PERIMETER": 1106.74949786, "AREA": 5.0670078283000004, "X_COORD": 344755.0, "Y_COORD": 267647.0, "Shape_Leng": 1106.74949786, "Shape_Area": 50670.078283000003 }, "geometry": { "type": "Polygon", "coordinates": [ [ [ -2.814270887969597, 52.304499144940372, 50.206010433845222 ], [ -2.813179646404155, 52.304975067863772, 50.205224690958858 ], [ -2.811919664273748, 52.305055392339931, 50.203908480703831 ], [ -2.811601374417234, 52.304765121094768, 50.203305345959961 ], [ -2.810738264199706, 52.305142356191929, 50.202684393152595 ], [ -2.810399654839431, 52.304887463819909, 50.202089697122574 ], [ -2.808863119637476, 52.305308773231793, 50.200765996240079 ], [ -2.810617272193724, 52.303761893694769, 50.201348158530891 ], [ -2.810433384046282, 52.303409831136946, 50.200838910415769 ], [ -2.81135091001928, 52.302898266381362, 50.201402532868087 ], [ -2.811802048533662, 52.303268269438107, 50.202221493236721 ], [ -2.812564063874446, 52.303155142441597, 50.202961280010641 ], [ -2.814270887969597, 52.304499144940372, 50.206010433845222 ] ] ] } },
{ "type": "Feature", "properties": { "NAME": "Far Rombatch Wood", "THEME": "ancient woodland", "THEMNAME": "Ancient Replanted Woodland", "THEMID": 1503869.0, "STATUS": "PAWS", "PERIMETER": 519.15086014400003, "AREA": 0.82911622, "X_COORD": 337729.0, "Y_COORD": 266508.0, "Shape_Leng": 519.15086014400003, "Shape_Area": 8291.1621999899999 }, "geometry": { "type": "Polygon", "coordinates": [ [ [ -2.915798575142668, 52.293268538050221, 50.307488340884447 ], [ -2.914683259200317, 52.293492327266954, 50.306465647183359 ], [ -2.912899004091821, 52.293251974388689, 50.304307893849909 ], [ -2.915065935216935, 52.293071751803133, 50.306516949087381 ], [ -2.915896815722339, 52.292728523849881, 50.307124965824187 ], [ -2.915798575142668, 52.293268538050221, 50.307488340884447 ] ] ] } },
{ "type": "Feature", "properties": { "NAME": "FISHPOOL VALLEY", "THEME": "ancient woodland", "THEMNAME": "Ancient & Semi-Natural Woodland", "THEMID": 1106013.0, "STATUS": "ASNW", "PERIMETER": 3938.5401848000001, "AREA": 44.0753577427, "X_COORD": 345170.0, "Y_COORD": 266104.0, "Shape_Leng": 3938.5401848000001, "Shape_Area": 440753.57742699998 }, "geometry": { "type": "Polygon", "coordinates": [ [ [ -2.813482365310198, 52.291636116123236, 50.193914854899049 ], [ -2.813233431261445, 52.291482969268102, 50.193507008254528 ], [ -2.811924145625673, 52.29226583907797, 50.192750630900264 ], [ -2.81267418754971, 52.292446278858833, 50.193733802065253 ], [ -2.810428131200137, 52.294192875945171, 50.192788478918374 ], [ -2.808292956829849, 52.293374066026821, 50.189722627401352 ], [ -2.803955752956206, 52.293365301187428, 50.184939689934254 ], [ -2.804373231750717, 52.291305757809155, 50.183598482981324 ], [ -2.804112083263257, 52.290349696604586, 50.182474565692246 ], [ -2.800633292864916, 52.290016609192634, 50.17835158854723 ], [ -2.799878328849627, 52.289316446762832, 50.176907192915678 ], [ -2.796509651187176, 52.288208365009474, 50.172225627116859 ], [ -2.796813291194674, 52.287797096820846, 50.172200108878314 ], [ -2.795036656060027, 52.286765939060977, 50.169339162297547 ], [ -2.798823702118977, 52.286841309316614, 50.17357828002423 ], [ -2.802045709563892, 52.287634936799186, 50.177822720259428 ], [ -2.803467151766343, 52.287116376445617, 50.17893430031836 ], [ -2.807944004211654, 52.28878139125456, 50.185321629978716 ], [ -2.808803957331069, 52.290195142073316, 50.187505355104804 ], [ -2.813959399672206, 52.289902567246287, 50.192923722788692 ], [ -2.814709949550775, 52.29044834826022, 50.194226999767125 ], [ -2.813687384631215, 52.290659605426818, 50.193286538124084 ], [ -2.814158452611587, 52.291027378600724, 50.194126534275711 ], [ -2.813482365310198, 52.291636116123236, 50.193914854899049 ] ] ] } },
{ "type": "Feature", "properties": { "NAME": "FISHPOOL VALLEY", "THEME": "ancient woodland", "THEMNAME": "Ancient Replanted Woodland", "THEMID": 1106013.0, "STATUS": "PAWS", "PERIMETER": 6222.2923545499998, "AREA": 69.202863504999996, "X_COORD": 345146.0, "Y_COORD": 266813.0, "Shape_Leng": 6222.2923545499998, "Shape_Area": 692028.63505000004 }, "geometry": { "type": "Polygon", "coordinates": [ [ [ -2.799317868634613, 52.302397797492503, 50.187719641253352 ], [ -2.798255403350177, 52.301546373872874, 50.185806666500866 ], [ -2.799219324743478, 52.299618603384928, 50.185186017304659 ], [ -2.799419096004193, 52.298492507315231, 50.184422937221825 ], [ -2.798948389493129, 52.297927479511003, 50.183411073870957 ], [ -2.800849923329457, 52.295953800368942, 50.18378150369972 ], [ -2.802018141429495, 52.29552334945916, 50.18469201028347 ], [ -2.801556730512071, 52.294817068916608, 50.183566664345562 ], [ -2.801623940589472, 52.291395820700835, 50.180649419315159 ], [ -2.800633292864916, 52.290016609192634, 50.17835158854723 ], [ -2.804112083263257, 52.290349696604586, 50.182474565692246 ], [ -2.804373231750717, 52.291305757809155, 50.183598482981324 ], [ -2.803955752956206, 52.293365301187428, 50.184939689934254 ], [ -2.808292956829849, 52.293374066026821, 50.189722627401352 ], [ -2.810324053188074, 52.294193590313462, 50.192674551159143 ], [ -2.81267418754971, 52.292446278858833, 50.193733802065253 ], [ -2.811924145625673, 52.29226583907797, 50.192750630900264 ], [ -2.813233431261445, 52.291482969268102, 50.193507008254528 ], [ -2.813482365310198, 52.291636116123236, 50.193914854899049 ], [ -2.811964810414377, 52.294363424548727, 50.194628706201911 ], [ -2.813626016703374, 52.295469992750213, 50.197423435747623 ], [ -2.815336249515092, 52.294995947097469, 50.198891039006412 ], [ -2.812019425466552, 52.296701069350121, 50.196730769239366 ], [ -2.811087298554069, 52.298912385694997, 50.197635520249605 ], [ -2.802463063771567, 52.30229098890414, 50.191090033389628 ], [ -2.800049020664714, 52.302610352461031, 50.188710272312164 ], [ -2.799317868634613, 52.302397797492503, 50.187719641253352 ] ], [ [ -2.807903623900995, 52.293706081335088, 50.189584241248667 ], [ -2.808323233666977, 52.296236829523636, 50.192257351242006 ], [ -2.809926008153244, 52.297070385564979, 50.194749444723129 ], [ -2.811702868235126, 52.294653390884058, 50.194593799300492 ], [ -2.808884781838525, 52.293742305393693, 50.190695962868631 ], [ -2.807903623900995, 52.293706081335088, 50.189584241248667 ] ] ] } },
{ "type": "Feature", "properties": { "NAME": "GARDEN HOUSE WOOD", "THEME": "ancient woodland", "THEMNAME": "Ancient & Semi-Natural Woodland", "THEMID": 1106002.0, "STATUS": "ASNW", "PERIMETER": 1890.31814304, "AREA": 10.536775623500001, "X_COORD": 341972.0, "Y_COORD": 266018.0, "Shape_Leng": 1890.31814304, "Shape_Area": 105367.75623499999 }, "geometry": { "type": "Polygon", "coordinates": [ [ [ -2.854128750660894, 52.288939393406942, 50.236217649653554 ], [ -2.855894980992745, 52.291285933322882, 50.24020525906235 ], [ -2.853448055046929, 52.291919319622245, 50.238074246793985 ], [ -2.852436175060303, 52.291401285488085, 50.236511672846973 ], [ -2.853087718646442, 52.290971270501551, 50.236850889399648 ], [ -2.852116653516605, 52.289265634581369, 50.234295192174613 ], [ -2.8492094671475, 52.287586425233641, 50.229637016542256 ], [ -2.847873070090933, 52.287929662496353, 50.2284703431651 ], [ -2.848205808640659, 52.286693769486384, 50.227754796855152 ], [ -2.849724300306988, 52.28667134478065, 50.229401820339262 ], [ -2.85091133722708, 52.287039299386343, 50.231026312336326 ], [ -2.854128750660894, 52.288939393406942, 50.236217649653554 ] ] ] } },
{ "type": "Feature", "properties": { "NAME": "GATLEY LONG COPPICE", "THEME": "ancient woodland", "THEMNAME": "Ancient Replanted Woodland", "THEMID": 1106010.0, "STATUS": "PAWS", "PERIMETER": 8279.9108376700005, "AREA": 89.225693556699994, "X_COORD": 344406.0, "Y_COORD": 269117.0, "Shape_Leng": 8279.9108376700005, "Shape_Area": 892256.93556699995 }, "geometry": { "type": "Polygon", "coordinates": [ [ [ -2.813485850283529, 52.318782277897121, 50.217570618726313 ], [ -2.818436401787988, 52.316903222615849, 50.221382396295667 ], [ -2.821164111015297, 52.316537265388092, 50.224063052795827 ], [ -2.827445548022445, 52.315022553468204, 50.229650123976171 ], [ -2.828764565246694, 52.310706582180451, 50.227347924374044 ], [ -2.836486771126512, 52.309125163561902, 50.234454276040196 ], [ -2.836400082320887, 52.309971554240981, 50.235095215030015 ], [ -2.834809175375045, 52.31140694280478, 50.234596309252083 ], [ -2.832610677778767, 52.311890014246437, 50.232601801864803 ], [ -2.834146713420012, 52.312606472801093, 50.234911477193236 ], [ -2.834259494110599, 52.313143331279896, 50.235501872375607 ], [ -2.832603777609723, 52.314415477352455, 50.23478886205703 ], [ -2.831198751156452, 52.316780827781862, 50.235299976542592 ], [ -2.82872233989052, 52.318189015358186, 50.233802324160933 ], [ -2.819017960333865, 52.320112351979802, 50.224807670339942 ], [ -2.814983497770322, 52.321876357674888, 50.221902650780976 ], [ -2.809948019093329, 52.322276896296394, 50.21671231277287 ], [ -2.809909573475751, 52.32186093200766, 50.21630915440619 ], [ -2.807243169068277, 52.321185146360406, 50.212789469398558 ], [ -2.804658535219049, 52.322424504006285, 50.211020962335169 ], [ -2.795692236692374, 52.324786863018169, 50.203200489282608 ], [ -2.792659411196183, 52.324955557385849, 50.200006970204413 ], [ -2.791323215219036, 52.324624418986033, 50.198248049244285 ], [ -2.792801737646952, 52.324051953779893, 50.199379919096828 ], [ -2.795745357363044, 52.323661767330876, 50.202283061109483 ], [ -2.802985461376708, 52.32191540569108, 50.20873804576695 ], [ -2.804848627872119, 52.321100736194694, 50.210081453435123 ], [ -2.804498857880353, 52.320757986041222, 50.209399065934122 ], [ -2.80507243117276, 52.320415055515774, 50.20973258279264 ], [ -2.805479515976768, 52.31940447166081, 50.209303205832839 ], [ -2.80759706660752, 52.320238732831655, 50.212357424199581 ], [ -2.810159426412017, 52.320195027121109, 50.215138353407383 ], [ -2.813113664550666, 52.319684155852691, 50.217944227159023 ], [ -2.813485850283529, 52.318782277897121, 50.217570618726313 ] ] ] } },
{ "type": "Feature", "properties": { "NAME": "GOGGIN COPSE AND GREEN WOOD", "THEME": "ancient woodland", "THEMNAME": "Ancient & Semi-Natural Woodland", "THEMID": 1106020.0, "STATUS": "ASNW", "PERIMETER": 778.952806667, "AREA": 1.9765177870499999, "X_COORD": 347666.0, "Y_COORD": 269882.0, "Shape_Leng": 778.952806667, "Shape_Area": 19765.1778705 }, "geometry": { "type": "Polygon", "coordinates": [ [ [ -2.77082405523482, 52.325041584240324, 50.17601316422224 ], [ -2.770597129369559, 52.325266143060155, 50.175957700237632 ], [ -2.767838816454933, 52.325386569865124, 50.173018921166658 ], [ -2.767536238147823, 52.325022732727788, 50.172369270585477 ], [ -2.769348499091431, 52.324359952087661, 50.173793629743159 ], [ -2.769270748099074, 52.323197702998165, 50.172698815353215 ], [ -2.77082405523482, 52.325041584240324, 50.17601316422224 ] ] ] } },
{ "type": "Feature", "properties": { "NAME": "GOGGIN COPSE AND GREEN WOOD", "THEME": "ancient woodland", "THEMNAME": "Ancient Replanted Woodland", "THEMID": 1106020.0, "STATUS": "PAWS", "PERIMETER": 698.43126767499996, "AREA": 2.3770619603999998, "X_COORD": 347591.0, "Y_COORD": 269783.0, "Shape_Leng": 698.43126767499996, "Shape_Area": 23770.619604 }, "geometry": { "type": "Polygon", "coordinates": [ [ [ -2.77082405523482, 52.325041584240324, 50.17601316422224 ], [ -2.76926300447587, 52.323155780847607, 50.172653870657086 ], [ -2.769240447143692, 52.322810884224197, 50.172329491004348 ], [ -2.770322601479684, 52.322326217021391, 50.17310256883502 ], [ -2.771403546691561, 52.323817882118036, 50.175590300932527 ], [ -2.77082405523482, 52.325041584240324, 50.17601316422224 ] ] ] } },
{ "type": "Feature", "properties": { "NAME": "Gogging Coppice", "THEME": "ancient woodland", "THEMNAME": "Ancient & Semi-Natural Woodland", "THEMID": 1504367.0, "STATUS": "ASNW", "PERIMETER": 505.12040129600001, "AREA": 0.90376910311000003, "X_COORD": 347622.0, "Y_COORD": 269588.0, "Shape_Leng": 505.12040129600001, "Shape_Area": 9037.6910310500007 }, "geometry": { "type": "Polygon", "coordinates": [ [ [ -2.770541063619175, 52.321437563817746, 50.172571740113199 ], [ -2.77033911047656, 52.322328751613334, 50.173122985288501 ], [ -2.769257457685578, 52.322803249353051, 50.172341627068818 ], [ -2.769844134637656, 52.321123668931541, 50.171530109830201 ], [ -2.770416795360064, 52.320947858036824, 50.172009212896228 ], [ -2.770541063619175, 52.321437563817746, 50.172571740113199 ] ] ] } },
{ "type": "Feature", "properties": { "NAME": "GRINDELL WOOD", "THEME": "ancient woodland", "THEMNAME": "Ancient Replanted Woodland", "THEMID": 1105844.0, "STATUS": "PAWS", "PERIMETER": 1611.4900069400001, "AREA": 8.7182773999100007, "X_COORD": 337766.0, "Y_COORD": 264710.0, "Shape_Leng": 1611.4900069400001, "Shape_Area": 87182.773999099998 }, "geometry": { "type": "Polygon", "coordinates": [ [ [ -2.915655826851243, 52.274915739142067, 50.291300563141704 ], [ -2.91697550878001, 52.276798006226315, 50.294389578513801 ], [ -2.915506756937022, 52.277644569297919, 50.293526332825422 ], [ -2.910971385306032, 52.279126179995089, 50.289868377149105 ], [ -2.91010939936608, 52.277407675790101, 50.287422913126647 ], [ -2.914771257415512, 52.276377212788859, 50.291613862849772 ], [ -2.91494447161599, 52.275323107575012, 50.290880263783038 ], [ -2.914440382297356, 52.274481513508533, 50.289592700079083 ], [ -2.915655826851243, 52.274915739142067, 50.291300563141704 ] ] ] } },
{ "type": "Feature", "properties": { "NAME": "Grove adjoining Porridge Way", "THEME": "ancient woodland", "THEMNAME": "Ancient & Semi-Natural Woodland", "THEMID": 1503617.0, "STATUS": "ASNW", "PERIMETER": 1084.2014357800001, "AREA": 4.02684891001, "X_COORD": 343291.0, "Y_COORD": 265911.0, "Shape_Leng": 1084.2014357800001, "Shape_Area": 40268.4891001 }, "geometry": { "type": "Polygon", "coordinates": [ [ [ -2.834332643106046, 52.286894007463346, 50.212694357149303 ], [ -2.833275935351431, 52.288160139374824, 50.212640822865069 ], [ -2.833324385076143, 52.290249276866341, 50.214520841836929 ], [ -2.832305318725661, 52.290338188933639, 50.213478783145547 ], [ -2.831288039854835, 52.288142506867175, 50.210440841503441 ], [ -2.832839239620134, 52.287404693122923, 50.211500125937164 ], [ -2.833884981829751, 52.286437036872115, 50.211802623234689 ], [ -2.834218080615624, 52.286398991346751, 50.212135349400342 ], [ -2.834332643106046, 52.286894007463346, 50.212694357149303 ] ] ] } },
{ "type": "Feature", "properties": { "NAME": "HALL WOOD", "THEME": "ancient woodland", "THEMNAME": "Ancient & Semi-Natural Woodland", "THEMID": 1106040.0, "STATUS": "ASNW", "PERIMETER": 2877.1953743200002, "AREA": 17.0738359807, "X_COORD": 346296.0, "Y_COORD": 271265.0, "Shape_Leng": 2877.1953743200002, "Shape_Area": 170738.359807 }, "geometry": { "type": "Polygon", "coordinates": [ [ [ -2.793903274524088, 52.33844422681981, 50.213054779917002 ], [ -2.792575426138507, 52.338968596047103, 50.212046023458242 ], [ -2.790651966640318, 52.338445902783207, 50.209476382471621 ], [ -2.789466417939591, 52.33932475262359, 50.208930351771414 ], [ -2.787769207900528, 52.339008837926087, 50.206788138486445 ], [ -2.788711540280082, 52.338354348425099, 50.207260319963098 ], [ -2.789940939829748, 52.338069217769764, 50.208367791958153 ], [ -2.790566216721922, 52.338014522635476, 50.209009087644517 ], [ -2.792487334987667, 52.33872552684965, 50.211738981306553 ], [ -2.793458875393369, 52.338321023881029, 50.212459049187601 ], [ -2.791226174132184, 52.337631805771167, 50.209404981695116 ], [ -2.789104219809826, 52.337734981228337, 50.207157384604216 ], [ -2.78763663081922, 52.337330348779439, 50.205191147513688 ], [ -2.787097513333201, 52.337813802065348, 50.205015308223665 ], [ -2.784492967356073, 52.336394338064494, 50.200918611139059 ], [ -2.78702666081045, 52.335875242804853, 50.203260873444378 ], [ -2.788095044833808, 52.335126443684011, 50.203789961524308 ], [ -2.789325802133096, 52.334847601464915, 50.204904321581125 ], [ -2.789955737464375, 52.335199396997488, 50.205902446061373 ], [ -2.791216941048391, 52.335013355945101, 50.207130436785519 ], [ -2.792432061975, 52.334436549871377, 50.207969493232667 ], [ -2.792417890989087, 52.335166726339516, 50.208585559390485 ], [ -2.79400868741314, 52.337127611401492, 50.212032777257264 ], [ -2.793903274524088, 52.33844422681981, 50.213054779917002 ] ] ] } },
{ "type": "Feature", "properties": { "NAME": "HALL WOOD", "THEME": "ancient woodland", "THEMNAME": "Ancient Replanted Woodland", "THEMID": 1106040.0, "STATUS": "PAWS", "PERIMETER": 2494.1492429700002, "AREA": 13.1766398567, "X_COORD": 346486.0, "Y_COORD": 271628.0, "Shape_Leng": 2494.1492429700002, "Shape_Area": 131766.398567 }, "geometry": { "type": "Polygon", "coordinates": [ [ [ -2.787783920880951, 52.338958318101319, 50.206760680302978 ], [ -2.788213379446347, 52.339065373944415, 50.207326206378639 ], [ -2.787584380289289, 52.340259826046299, 50.207665565423667 ], [ -2.785072187088828, 52.342784959075871, 50.207079464569688 ], [ -2.78471786071926, 52.342500332519833, 50.206443374976516 ], [ -2.781900145516436, 52.342529804267933, 50.203364544548094 ], [ -2.781425780790212, 52.341201938284023, 50.201694912277162 ], [ -2.782480480282986, 52.341310449992584, 50.202950769104064 ], [ -2.783544342678974, 52.341047154471568, 50.203895431943238 ], [ -2.784107226368792, 52.340254110174662, 50.203830391168594 ], [ -2.784995959312789, 52.340128579110939, 50.204700999893248 ], [ -2.787611672917288, 52.337328718030946, 50.205162247642875 ], [ -2.789104219809826, 52.337734981228337, 50.207157384604216 ], [ -2.791226174132184, 52.337631805771167, 50.209404981695116 ], [ -2.793458875393369, 52.338321023881029, 50.212459049187601 ], [ -2.792487334987667, 52.33872552684965, 50.211738981306553 ], [ -2.790049268754902, 52.338056809301854, 50.208476366475224 ], [ -2.78874661736785, 52.338339733161561, 50.207286319695413 ], [ -2.787783920880951, 52.338958318101319, 50.206760680302978 ] ] ] } },
{ "type": "Feature", "properties": { "NAME": "James Tall & Barn Coppice", "THEME": "ancient woodland", "THEMNAME": "Ancient & Semi-Natural Woodland", "THEMID": 1503865.0, "STATUS": "ASNW", "PERIMETER": 1800.2788009000001, "AREA": 4.9338863259899997, "X_COORD": 345261.0, "Y_COORD": 268723.0, "Shape_Leng": 1800.2788009000001, "Shape_Area": 49338.863259899998 }, "geometry": { "type": "Polygon", "coordinates": [ [ [ -2.809496146006417, 52.3131126870868, 50.20825570076704 ], [ -2.809235363223493, 52.313559271064072, 50.208357102237642 ], [ -2.808122769480595, 52.312813941096103, 50.206484789028764 ], [ -2.803923388625846, 52.314370079972612, 50.203216494061053 ], [ -2.803770987954274, 52.314864692215359, 50.203478761017323 ], [ -2.802586466625974, 52.31531327996678, 50.202564899809659 ], [ -2.799346012644452, 52.314968449660341, 50.198697717860341 ], [ -2.800761041687613, 52.314825965282203, 50.200131759047508 ], [ -2.801187571734983, 52.314258222188471, 50.200107692740858 ], [ -2.803190187872207, 52.314060856256461, 50.202140593901277 ], [ -2.807919413780327, 52.312262808063792, 50.205781671218574 ], [ -2.809496146006417, 52.3131126870868, 50.20825570076704 ] ] ] } },
{ "type": "Feature", "properties": { "NAME": "James Tall & Barn Coppice", "THEME": "ancient woodland", "THEMNAME": "Ancient & Semi-Natural Woodland", "THEMID": 1503866.0, "STATUS": "ASNW", "PERIMETER": 3721.3858233599999, "AREA": 12.6087012152, "X_COORD": 345236.0, "Y_COORD": 268863.0, "Shape_Leng": 3721.3858233599999, "Shape_Area": 126087.012152 }, "geometry": { "type": "Polygon", "coordinates": [ [ [ -2.812383077548902, 52.3137596321275, 50.211994118988514 ], [ -2.811876710374428, 52.314241316076469, 50.211855860427022 ], [ -2.810925671266591, 52.314414562340332, 50.210960276424885 ], [ -2.809734316766608, 52.313758022322666, 50.209078867919743 ], [ -2.808980258146274, 52.31398261120205, 50.208444496616721 ], [ -2.809240244241965, 52.31438095014822, 50.209076842293143 ], [ -2.807152184813739, 52.315138763419831, 50.207438080571592 ], [ -2.805720382699219, 52.316347865124818, 50.206913284957409 ], [ -2.803404244745795, 52.315739169958697, 50.203835224732757 ], [ -2.801130590260807, 52.316164628799093, 50.201702237129211 ], [ -2.800880993364844, 52.316465892834849, 50.201689288020134 ], [ -2.801415166096816, 52.316703825538454, 50.202484091743827 ], [ -2.801765917810765, 52.317734033154892, 50.203765298239887 ], [ -2.800511087608911, 52.317163662268392, 50.201888402923942 ], [ -2.797114174058988, 52.316437647967277, 50.197517359629273 ], [ -2.798801181913486, 52.315530442115886, 50.198586406186223 ], [ -2.801113118133668, 52.315662537392605, 50.201246606186032 ], [ -2.803762759230946, 52.315074405128769, 50.203652010299265 ], [ -2.803938805752198, 52.314411331011456, 50.203269327059388 ], [ -2.808229970339054, 52.312820399767212, 50.206608364358544 ], [ -2.809252476190986, 52.313596733822145, 50.208408504724503 ], [ -2.809545355317426, 52.313311887143009, 50.208483060821891 ], [ -2.812061883204067, 52.313033885408288, 50.211009804159403 ], [ -2.812383077548902, 52.3137596321275, 50.211994118988514 ] ], [ [ -2.80702250403012, 52.31403659520273, 50.206337249837816 ], [ -2.803939526534258, 52.315462757295649, 50.204184139147401 ], [ -2.804236707626933, 52.315881845590162, 50.204875469207764 ], [ -2.805677077610823, 52.316225171470748, 50.206759013235569 ], [ -2.8074265962018, 52.314244932839436, 50.20696304179728 ], [ -2.80702250403012, 52.31403659520273, 50.206337249837816 ] ] ] } },
{ "type": "Feature", "properties": { "NAME": "KNOWLE WOOD", "THEME": "ancient woodland", "THEMNAME": "Ancient & Semi-Natural Woodland", "THEMID": 1105830.0, "STATUS": "ASNW", "PERIMETER": 806.17090839399998, "AREA": 2.7174588325700002, "X_COORD": 335527.0, "Y_COORD": 265800.0, "Shape_Leng": 806.17090839399998, "Shape_Area": 27174.588325699999 }, "geometry": { "type": "Polygon", "coordinates": [ [ [ -2.946940525985834, 52.285214726350183, 50.334427513182163 ], [ -2.947986058935853, 52.285276532094009, 50.335620335303247 ], [ -2.947364416215748, 52.28601880678238, 50.33559076115489 ], [ -2.946959335394867, 52.287808330189208, 50.336710203438997 ], [ -2.945225713322168, 52.287633564791292, 50.334669290110469 ], [ -2.946178955110379, 52.286181109933835, 50.33444097917527 ], [ -2.945883784180454, 52.2859147337997, 50.33388704340905 ], [ -2.946940525985834, 52.285214726350183, 50.334427513182163 ] ] ] } },
{ "type": "Feature", "properties": { "NAME": "KNOWLE WOOD", "THEME": "ancient woodland", "THEMNAME": "Ancient Replanted Woodland", "THEMID": 1105830.0, "STATUS": "PAWS", "PERIMETER": 562.362799741, "AREA": 1.6597549069099999, "X_COORD": 335617.0, "Y_COORD": 265655.0, "Shape_Leng": 562.362799741, "Shape_Area": 16597.549069100001 }, "geometry": { "type": "Polygon", "coordinates": [ [ [ -2.946940525985834, 52.285214726350183, 50.334427513182163 ], [ -2.945883784180454, 52.2859147337997, 50.33388704340905 ], [ -2.943509052189815, 52.285065227211916, 50.330558517947793 ], [ -2.944346735307377, 52.284680764096969, 50.331135753542185 ], [ -2.946940525985834, 52.285214726350183, 50.334427513182163 ] ] ] } },
{ "type": "Feature", "properties": { "NAME": "Lawn Coppice", "THEME": "ancient woodland", "THEMNAME": "Ancient & Semi-Natural Woodland", "THEMID": 1504261.0, "STATUS": "ASNW", "PERIMETER": 571.14118409599996, "AREA": 1.23053704, "X_COORD": 337874.0, "Y_COORD": 263264.0, "Shape_Leng": 571.14118409599996, "Shape_Area": 12305.3704 }, "geometry": { "type": "Polygon", "coordinates": [ [ [ -2.9126017256844, 52.264957950900254, 50.27923312690109 ], [ -2.911730674548473, 52.264990575105081, 50.278309907764196 ], [ -2.910818177783409, 52.263108520725226, 50.275659858249128 ], [ -2.911596505744193, 52.262971879088532, 50.276390462182462 ], [ -2.9126017256844, 52.264957950900254, 50.27923312690109 ] ] ] } },
{ "type": "Feature", "properties": { "NAME": "Lining Coppice", "THEME": "ancient woodland", "THEMNAME": "Ancient & Semi-Natural Woodland", "THEMID": 1503630.0, "STATUS": "ASNW", "PERIMETER": 861.58575101500003, "AREA": 1.89643655037, "X_COORD": 341835.0, "Y_COORD": 264911.0, "Shape_Leng": 861.58575101500003, "Shape_Area": 18964.365503699999 }, "geometry": { "type": "Polygon", "coordinates": [ [ [ -2.85625327813304, 52.28010349845831, 50.230817588977516 ], [ -2.854957349738789, 52.279996913357238, 50.229302378371358 ], [ -2.851885232404918, 52.279084108991661, 50.225131432525814 ], [ -2.852195150217493, 52.278330534763569, 50.224811183288693 ], [ -2.85625327813304, 52.28010349845831, 50.230817588977516 ] ], [ [ -2.852687614408882, 52.278962608112572, 50.225905556231737 ], [ -2.852586749429976, 52.279030315964391, 50.225854193791747 ], [ -2.852386314472047, 52.278965952813415, 50.225577826611698 ], [ -2.852298966535778, 52.279004793169243, 50.225515999831259 ], [ -2.852623155235504, 52.279078961429164, 50.225936773233116 ], [ -2.852687614408882, 52.278962608112572, 50.225905556231737 ] ] ] } },
{ "type": "Feature", "properties": { "NAME": "Little Coppice", "THEME": "ancient woodland", "THEMNAME": "Ancient & Semi-Natural Woodland", "THEMID": 1503622.0, "STATUS": "ASNW", "PERIMETER": 1327.9417806700001, "AREA": 4.88761211, "X_COORD": 345929.0, "Y_COORD": 268993.0, "Shape_Leng": 1327.9417806700001, "Shape_Area": 48876.1211 }, "geometry": { "type": "Polygon", "coordinates": [ [ [ -2.798698399864154, 52.31493057660191, 50.197951729409397 ], [ -2.796806017775527, 52.316057364764568, 50.196847475133836 ], [ -2.79208709908772, 52.317805653050812, 50.193169483914971 ], [ -2.790731364250335, 52.317828763842193, 50.191696043126285 ], [ -2.793959732017065, 52.316015580702043, 50.193676413968205 ], [ -2.796812861744127, 52.315025666902557, 50.195958105847239 ], [ -2.798698399864154, 52.31493057660191, 50.197951729409397 ] ] ] } },
{ "type": "Feature", "properties": { "NAME": "Little Coppice", "THEME": "ancient woodland", "THEMNAME": "Ancient Replanted Woodland", "THEMID": 1503614.0, "STATUS": "PAWS", "PERIMETER": 465.35461866499998, "AREA": 1.1133825, "X_COORD": 345994.0, "Y_COORD": 268770.0, "Shape_Leng": 465.35461866499998, "Shape_Area": 11133.825 }, "geometry": { "type": "Polygon", "coordinates": [ [ [ -2.794654837540102, 52.313856349028555, 50.192564483731985 ], [ -2.793903771793649, 52.314675933743104, 50.192449994385242 ], [ -2.793174371790769, 52.315207404598958, 50.192108692601323 ], [ -2.792642525013683, 52.314669931804801, 50.191055440343916 ], [ -2.793439818730586, 52.313915764606527, 50.191277807578444 ], [ -2.793878243121744, 52.313577474931755, 50.191466494463384 ], [ -2.794654837540102, 52.313856349028555, 50.192564483731985 ] ] ] } },
{ "type": "Feature", "properties": { "NAME": "Little Shore", "THEME": "ancient woodland", "THEMNAME": "Ancient & Semi-Natural Woodland", "THEMID": 1503627.0, "STATUS": "ASNW", "PERIMETER": 380.55448066700001, "AREA": 0.6291716, "X_COORD": 345514.0, "Y_COORD": 267790.0, "Shape_Leng": 380.55448066700001, "Shape_Area": 6291.7159999699998 }, "geometry": { "type": "Polygon", "coordinates": [ [ [ -2.801731457706853, 52.305579026166704, 50.193151160143316 ], [ -2.800037284915958, 52.305812581207817, 50.191489183343947 ], [ -2.799279661670605, 52.305595737974343, 50.190465877763927 ], [ -2.801147667114488, 52.305169428052572, 50.192151367664337 ], [ -2.801731457706853, 52.305579026166704, 50.193151160143316 ] ] ] } },
{ "type": "Feature", "properties": { "NAME": "Manns Wood", "THEME": "ancient woodland", "THEMNAME": "Ancient & Semi-Natural Woodland", "THEMID": 1504394.0, "STATUS": "ASNW", "PERIMETER": 538.09727175199998, "AREA": 0.922431995, "X_COORD": 336611.0, "Y_COORD": 264688.0, "Shape_Leng": 538.09727175199998, "Shape_Area": 9224.3199500299997 }, "geometry": { "type": "Polygon", "coordinates": [ [ [ -2.931945984931903, 52.276642448674011, 50.310592918656766 ], [ -2.930705845551846, 52.277104008466601, 50.309643864631653 ], [ -2.929554071177268, 52.276767486141779, 50.308092930354178 ], [ -2.928811367055161, 52.276892367157686, 50.307391861453652 ], [ -2.928896566282787, 52.276635016146614, 50.307259668596089 ], [ -2.931680246550185, 52.276215965918169, 50.309929921291769 ], [ -2.931945984931903, 52.276642448674011, 50.310592918656766 ] ] ] } },
{ "type": "Feature", "properties": { "NAME": "Nap Shaw Coppice", "THEME": "ancient woodland", "THEMNAME": "Ancient Replanted Woodland", "THEMID": 1503846.0, "STATUS": "PAWS", "PERIMETER": 466.54197911900002, "AREA": 0.979167755, "X_COORD": 337107.0, "Y_COORD": 262292.0, "Shape_Leng": 466.54197911900002, "Shape_Area": 9791.6775500200001 }, "geometry": { "type": "Polygon", "coordinates": [ [ [ -2.924104778989567, 52.255218497386252, 50.283238523639739 ], [ -2.923525591223727, 52.255511179349064, 50.282863552682102 ], [ -2.921972267995608, 52.255540855162089, 50.281193261034787 ], [ -2.921424028876024, 52.254938631143069, 50.280064551159739 ], [ -2.923696042198547, 52.254795452885261, 50.282419921830297 ], [ -2.924104778989567, 52.255218497386252, 50.283238523639739 ] ] ] } },
{ "type": "Feature", "properties": { "NAME": "Old Field Coppice", "THEME": "ancient woodland", "THEMNAME": "Ancient Replanted Woodland", "THEMID": 1503626.0, "STATUS": "PAWS", "PERIMETER": 2739.0608008099998, "AREA": 16.700231945, "X_COORD": 346172.0, "Y_COORD": 269514.0, "Shape_Leng": 2739.0608008099998, "Shape_Area": 167002.31945000001 }, "geometry": { "type": "Polygon", "coordinates": [ [ [ -2.796856829907067, 52.322232903219358, 50.202267095446587 ], [ -2.795878364826186, 52.321751321689447, 50.200771729461849 ], [ -2.794423541932815, 52.319984610362063, 50.197635781951249 ], [ -2.793989208017925, 52.320046598427886, 50.197211261838675 ], [ -2.790959238348111, 52.321524277962034, 50.195156863890588 ], [ -2.793567225327778, 52.323684620173061, 50.199904295615852 ], [ -2.791296124847774, 52.32410712495701, 50.197769463062286 ], [ -2.79041180675082, 52.322321167566429, 50.19524556118995 ], [ -2.787002213215503, 52.3213565215543, 50.190651568584144 ], [ -2.785779592239374, 52.320427771887765, 50.188497738912702 ], [ -2.792838773623807, 52.318484240572708, 50.194587086327374 ], [ -2.795786941869828, 52.320417759495697, 50.199513365514576 ], [ -2.796856829907067, 52.322232903219358, 50.202267095446587 ] ] ] } },
{ "type": "Feature", "properties": { "NAME": "OLDCASTLE WOOD 2", "THEME": "ancient woodland", "THEMNAME": "Ancient & Semi-Natural Woodland", "THEMID": 1105839.0, "STATUS": "ASNW", "PERIMETER": 645.87714409, "AREA": 1.8572830580799999, "X_COORD": 336837.0, "Y_COORD": 266914.0, "Shape_Leng": 645.87714409, "Shape_Area": 18572.8305808 }, "geometry": { "type": "Polygon", "coordinates": [ [ [ -2.928955327090551, 52.29586006031861, 50.324101958423853 ], [ -2.928159571691424, 52.297352387420851, 50.324532998725772 ], [ -2.926315508825406, 52.297513643236016, 50.322662007063627 ], [ -2.926193616031315, 52.296747926375097, 50.32186262588948 ], [ -2.927024379853164, 52.296668603966502, 50.322699755430222 ], [ -2.928353526798074, 52.295821740675436, 50.323412262834609 ], [ -2.928955327090551, 52.29586006031861, 50.324101958423853 ] ] ] } },
{ "type": "Feature", "properties": { "NAME": "OLDCASTLE WOOD 2", "THEME": "ancient woodland", "THEMNAME": "Ancient Replanted Woodland", "THEMID": 1105839.0, "STATUS": "PAWS", "PERIMETER": 2135.21981314, "AREA": 7.6879219074799998, "X_COORD": 337121.0, "Y_COORD": 266486.0, "Shape_Leng": 2135.21981314, "Shape_Area": 76879.219074799999 }, "geometry": { "type": "Polygon", "coordinates": [ [ [ -2.9241811780191, 52.294134896649282, 50.317391961812973 ], [ -2.921348472870874, 52.294712221925195, 50.314803914166987 ], [ -2.921040943360846, 52.293880718745484, 50.313743996433914 ], [ -2.922399138418087, 52.29220779154997, 50.313768433406949 ], [ -2.920830040738482, 52.291558345273288, 50.311489985324442 ], [ -2.92055078922248, 52.290888044150684, 50.310600841417909 ], [ -2.918992573056385, 52.290334300871571, 50.308417207561433 ], [ -2.920619797052899, 52.290397482135134, 50.310248420573771 ], [ -2.921367502413638, 52.2910335694488, 50.311619068495929 ], [ -2.922980965144499, 52.291485824722308, 50.313774064183235 ], [ -2.923507975972627, 52.293562957439939, 50.316159216687083 ], [ -2.924942174756921, 52.29392392175977, 50.318038444034755 ], [ -2.925697703797555, 52.29372925318323, 50.318693115375936 ], [ -2.928083040686638, 52.29460599819717, 50.322058692574501 ], [ -2.927802319214233, 52.294877933201356, 50.321989313699305 ], [ -2.926768686166459, 52.294886051122191, 50.320868938229978 ], [ -2.9241811780191, 52.294134896649282, 50.317391961812973 ] ] ] } },
{ "type": "Feature", "properties": { "NAME": "OLDCASTLE WOOD 2", "THEME": "ancient woodland", "THEMNAME": "Ancient Replanted Woodland", "THEMID": 1105839.0, "STATUS": "PAWS", "PERIMETER": 532.64689986200005, "AREA": 1.6039996438899999, "X_COORD": 336794.0, "Y_COORD": 266770.0, "Shape_Leng": 532.64689986200005, "Shape_Area": 16039.9964389 }, "geometry": { "type": "Polygon", "coordinates": [ [ [ -2.926950732631111, 52.295805259217239, 50.321867880411446 ], [ -2.928109102640393, 52.294892599578205, 50.322336695156991 ], [ -2.928700221467949, 52.29470414710427, 50.322817304171622 ], [ -2.929190972103478, 52.294878696894116, 50.323504524305463 ], [ -2.929546348255131, 52.295464431887069, 50.324402082711458 ], [ -2.928955327090551, 52.29586006031861, 50.324101958423853 ], [ -2.927764213313981, 52.296085765968378, 50.322999361902475 ], [ -2.926950732631111, 52.295805259217239, 50.321867880411446 ] ] ] } },
{ "type": "Feature", "properties": { "NAME": "Ox Leasow Coppice", "THEME": "ancient woodland", "THEMNAME": "Ancient & Semi-Natural Woodland", "THEMID": 1503620.0, "STATUS": "ASNW", "PERIMETER": 963.47343819000002, "AREA": 4.8295355, "X_COORD": 345786.0, "Y_COORD": 269267.0, "Shape_Leng": 963.47343819000002, "Shape_Area": 48295.355 }, "geometry": { "type": "Polygon", "coordinates": [ [ [ -2.799085212157718, 52.318552450795366, 50.201525131240487 ], [ -2.796606674779069, 52.320068798696511, 50.200113026425242 ], [ -2.793950837310399, 52.318255784611061, 50.195613491348922 ], [ -2.798005461030873, 52.317819840151849, 50.199699872173369 ], [ -2.79943594931088, 52.318232714931376, 50.20163353998214 ], [ -2.799085212157718, 52.318552450795366, 50.201525131240487 ] ] ] } },
{ "type": "Feature", "properties": { "NAME": "PARK WOOD", "THEME": "ancient woodland", "THEMNAME": "Ancient Replanted Woodland", "THEMID": 1105841.0, "STATUS": "PAWS", "PERIMETER": 1813.99770386, "AREA": 7.3889236600999997, "X_COORD": 337315.0, "Y_COORD": 263550.0, "Shape_Leng": 1813.99770386, "Shape_Area": 73889.236600999997 }, "geometry": { "type": "Polygon", "coordinates": [ [ [ -2.919971024940264, 52.265695557614436, 50.287930915132165 ], [ -2.92201142807173, 52.266546350407658, 50.290905590169132 ], [ -2.922911104205469, 52.267316152895084, 50.292563225142658 ], [ -2.922752663540939, 52.268297353427499, 50.293250810354948 ], [ -2.92191190709196, 52.269238314881235, 50.293157937005162 ], [ -2.921746878283937, 52.267567925279693, 50.291512904688716 ], [ -2.920692803772676, 52.267334374452389, 50.290157046169043 ], [ -2.91727332715488, 52.267442787380439, 50.286517615430057 ], [ -2.9168936265582, 52.266701531119679, 50.285452513024211 ], [ -2.918570058438586, 52.266019340323062, 50.286684995517135 ], [ -2.919529232859683, 52.265137160099222, 50.286958331242204 ], [ -2.918660556788161, 52.264301478281737, 50.285275965929031 ], [ -2.918959537286515, 52.263645453237004, 50.285026513971388 ], [ -2.920299416171508, 52.265252495417506, 50.287900691851974 ], [ -2.919971024940264, 52.265695557614436, 50.287930915132165 ] ] ] } },
{ "type": "Feature", "properties": { "NAME": "PAYSURE WOOD", "THEME": "ancient woodland", "THEMNAME": "Ancient Replanted Woodland", "THEMID": 1106003.0, "STATUS": "PAWS", "PERIMETER": 2110.4390064099998, "AREA": 8.5525053727899998, "X_COORD": 342052.0, "Y_COORD": 267389.0, "Shape_Leng": 2110.4390064099998, "Shape_Area": 85525.053727899998 }, "geometry": { "type": "Polygon", "coordinates": [ [ [ -2.847582256540628, 52.29995380842665, 50.238648094236851 ], [ -2.847826549864843, 52.300091270318624, 50.23903597984463 ], [ -2.847283172607735, 52.300508291455373, 50.238803163170815 ], [ -2.849917951277921, 52.302074418153126, 50.24305868241936 ], [ -2.850555291001409, 52.302105315113536, 50.24378480296582 ], [ -2.851203143637446, 52.301722970850378, 50.244162454269826 ], [ -2.852042089202979, 52.301957111375714, 50.245286704041064 ], [ -2.854943758045465, 52.301845359186615, 50.248371922411025 ], [ -2.85701999109628, 52.302413712623782, 50.251143685542047 ], [ -2.856282649887509, 52.303135218702984, 50.250963440164924 ], [ -2.85396195787506, 52.302727256687817, 50.248063239268959 ], [ -2.851565772450817, 52.302963957881552, 50.245641132816672 ], [ -2.848713974419931, 52.302848683174062, 50.242412148043513 ], [ -2.84772158374403, 52.302259734560373, 50.24081027880311 ], [ -2.846253116028083, 52.300469451301261, 50.237638923339546 ], [ -2.846129440684549, 52.299284563450641, 50.236470351926982 ], [ -2.847582256540628, 52.29995380842665, 50.238648094236851 ] ] ] } },
{ "type": "Feature", "properties": { "NAME": "PETCHFIELD COPSE", "THEME": "ancient woodland", "THEMNAME": "Ancient & Semi-Natural Woodland", "THEMID": 1106035.0, "STATUS": "ASNW", "PERIMETER": 1819.5829602399999, "AREA": 12.6978952872, "X_COORD": 345063.0, "Y_COORD": 270054.0, "Shape_Leng": 1819.5829602399999, "Shape_Area": 126978.95287199999 }, "geometry": { "type": "Polygon", "coordinates": [ [ [ -2.808670743896479, 52.324297129924368, 50.217059436254203 ], [ -2.810592170695777, 52.325987964243815, 50.220638557337224 ], [ -2.81040610976226, 52.326630524204148, 50.220990749076009 ], [ -2.807881870522889, 52.327976581471063, 50.219380516558886 ], [ -2.804770868377362, 52.328533676129197, 50.21644061524421 ], [ -2.804531467089588, 52.326908957391062, 50.214769561775029 ], [ -2.807552854727945, 52.325861564967873, 50.21718592569232 ], [ -2.806198073615931, 52.324629239631662, 50.21462716255337 ], [ -2.806013501009812, 52.32327387370119, 50.213248694315553 ], [ -2.807276102021725, 52.322834641692857, 50.214256845414639 ], [ -2.808670743896479, 52.324297129924368, 50.217059436254203 ] ] ] } },
{ "type": "Feature", "properties": { "NAME": "Pollingham Coppice", "THEME": "ancient woodland", "THEMNAME": "Ancient & Semi-Natural Woodland", "THEMID": 1504267.0, "STATUS": "ASNW", "PERIMETER": 465.64863720300002, "AREA": 0.76237193614999998, "X_COORD": 345390.0, "Y_COORD": 270169.0, "Shape_Leng": 465.64863720300002, "Shape_Area": 7623.7193614999996 }, "geometry": { "type": "Polygon", "coordinates": [ [ [ -2.803803412682596, 52.32742104974573, 50.214412206783891 ], [ -2.801291380236188, 52.326526849860862, 50.210872864350677 ], [ -2.801330657044827, 52.326445443077837, 50.210845533758402 ], [ -2.803618145684037, 52.32675446204977, 50.213630707003176 ], [ -2.803803412682596, 52.32742104974573, 50.214412206783891 ] ] ] } },
{ "type": "Feature", "properties": { "NAME": "PRICHARDS HILL WOOD", "THEME": "ancient woodland", "THEMNAME": "Ancient & Semi-Natural Woodland", "THEMID": 1105843.0, "STATUS": "ASNW", "PERIMETER": 1650.63786585, "AREA": 4.7311285051700001, "X_COORD": 337648.0, "Y_COORD": 266275.0, "Shape_Leng": 1650.63786585, "Shape_Area": 47311.285051699997 }, "geometry": { "type": "Polygon", "coordinates": [ [ [ -2.918953782733247, 52.288828308913565, 50.30706131644547 ], [ -2.917846068006098, 52.289631551912294, 50.306552757509053 ], [ -2.918056721702166, 52.29010277143815, 50.307193707674742 ], [ -2.917026621773652, 52.29098467693413, 50.306838211603463 ], [ -2.915212054141729, 52.292137621298117, 50.305862275883555 ], [ -2.912771990334472, 52.292701809896187, 50.303689670749009 ], [ -2.912430017639741, 52.293550220247937, 50.304055671207607 ], [ -2.912205375521952, 52.292390352593259, 50.302799393422902 ], [ -2.915719129821972, 52.29107391854798, 50.305488540790975 ], [ -2.916488277317936, 52.290473667022226, 50.305804868228734 ], [ -2.916726712152747, 52.289954917540626, 50.305612769909203 ], [ -2.916025300322831, 52.289062554014002, 50.304068554192781 ], [ -2.918953782733247, 52.288828308913565, 50.30706131644547 ] ] ] } },
{ "type": "Feature", "properties": { "NAME": "PRICHARDS HILL WOOD", "THEME": "ancient woodland", "THEMNAME": "Ancient Replanted Woodland", "THEMID": 1105843.0, "STATUS": "PAWS", "PERIMETER": 1730.81127722, "AREA": 7.8886848511899998, "X_COORD": 337633.0, "Y_COORD": 265804.0, "Shape_Leng": 1730.81127722, "Shape_Area": 78886.848511899996 }, "geometry": { "type": "Polygon", "coordinates": [ [ [ -2.918953782733247, 52.288828308913565, 50.30706131644547 ], [ -2.916025300322831, 52.289062554014002, 50.304068554192781 ], [ -2.91511294678591, 52.288625983081097, 50.302691467106342 ], [ -2.916023560107068, 52.288415793531485, 50.30350236967206 ], [ -2.915752201636264, 52.287414571459095, 50.302332339808345 ], [ -2.912607627975623, 52.28604156173666, 50.297699650749564 ], [ -2.912836946481439, 52.285172359816151, 50.29719107132405 ], [ -2.912211210397221, 52.284184744789549, 50.295644937083125 ], [ -2.915619232062079, 52.286019322189624, 50.300969168543816 ], [ -2.917141369830576, 52.287311122501407, 50.303758826106787 ], [ -2.91918685342181, 52.288110692806882, 50.306689644232392 ], [ -2.919399654317593, 52.288445905126913, 50.307214410975575 ], [ -2.918953782733247, 52.288828308913565, 50.30706131644547 ] ] ] } },
{ "type": "Feature", "properties": { "NAME": "PYON WOOD", "THEME": "ancient woodland", "THEMNAME": "Ancient & Semi-Natural Woodland", "THEMID": 1106005.0, "STATUS": "ASNW", "PERIMETER": 1466.71158431, "AREA": 12.822321690100001, "X_COORD": 342352.0, "Y_COORD": 266391.0, "Shape_Leng": 1466.71158431, "Shape_Area": 128223.21690100001 }, "geometry": { "type": "Polygon", "coordinates": [ [ [ -2.844154292136944, 52.294429680221725, 50.230067023076117 ], [ -2.843152221250544, 52.293018816838, 50.227735037915409 ], [ -2.847929759167366, 52.290435807748899, 50.230723088607192 ], [ -2.849196046476206, 52.291561252073699, 50.233096047304571 ], [ -2.849504020161924, 52.292866238981006, 50.23457371070981 ], [ -2.85014130723441, 52.293229437613689, 50.235590149648488 ], [ -2.847603210703004, 52.294295946688173, 50.233735918067396 ], [ -2.844154292136944, 52.294429680221725, 50.230067023076117 ] ] ] } },
{ "type": "Feature", "properties": { "NAME": "RAVENSMERE WOOD", "THEME": "ancient woodland", "THEMNAME": "Ancient Replanted Woodland", "THEMID": 1105845.0, "STATUS": "PAWS", "PERIMETER": 572.03915118299994, "AREA": 1.4559901801899999, "X_COORD": 337811.0, "Y_COORD": 261949.0, "Shape_Leng": 572.03915118299994, "Shape_Area": 14559.9018019 }, "geometry": { "type": "Polygon", "coordinates": [ [ [ -2.913235336383439, 52.251766205862765, 50.268324176780879 ], [ -2.913140742910503, 52.252406075363581, 50.268784421496093 ], [ -2.913520018380396, 52.252530411115345, 50.269308473914862 ], [ -2.912234655859271, 52.25292521958518, 50.268251273781061 ], [ -2.911253423037254, 52.251771188482465, 50.266162158921361 ], [ -2.911896474643739, 52.251395016333539, 50.266533698886633 ], [ -2.912445273890252, 52.251841074850645, 50.267526564188302 ], [ -2.913235336383439, 52.251766205862765, 50.268324176780879 ] ] ] } },
{ "type": "Feature", "properties": { "NAME": "Rock Coppice", "THEME": "ancient woodland", "THEMNAME": "Ancient & Semi-Natural Woodland", "THEMID": 1503636.0, "STATUS": "ASNW", "PERIMETER": 1007.8139965300001, "AREA": 1.78107014002, "X_COORD": 342242.0, "Y_COORD": 263314.0, "Shape_Leng": 1007.8139965300001, "Shape_Area": 17810.7014002 }, "geometry": { "type": "Polygon", "coordinates": [ [ [ -2.850550357118733, 52.265750987884047, 50.211962545290589 ], [ -2.847843009543045, 52.265736661224615, 50.208977114409208 ], [ -2.84665889731025, 52.265446045696471, 50.207421116530895 ], [ -2.846475865382475, 52.264899295581976, 50.206739204004407 ], [ -2.845065011864557, 52.263854956633224, 50.204270803369582 ], [ -2.845502929392071, 52.26363646039173, 50.204559572972357 ], [ -2.845973816806244, 52.264297292618863, 50.205658216029406 ], [ -2.847793331007499, 52.265244966205351, 50.208490145392716 ], [ -2.850680202499886, 52.265537515940274, 50.211917394772172 ], [ -2.850550357118733, 52.265750987884047, 50.211962545290589 ] ] ] } },
{ "type": "Feature", "properties": { "NAME": "Rough Alders", "THEME": "ancient woodland", "THEMNAME": "Ancient & Semi-Natural Woodland", "THEMID": 1503629.0, "STATUS": "ASNW", "PERIMETER": 308.60546609300002, "AREA": 0.48910319082999998, "X_COORD": 343824.0, "Y_COORD": 267507.0, "Shape_Leng": 308.60546609300002, "Shape_Area": 4891.0319083100003 }, "geometry": { "type": "Polygon", "coordinates": [ [ [ -2.826080212099413, 52.302535502110935, 50.217284279875457 ], [ -2.825159489855338, 52.3031811620572, 50.216834991239011 ], [ -2.824554619111922, 52.303090765657096, 50.216091348789632 ], [ -2.825237227100088, 52.302393054158458, 50.216233572922647 ], [ -2.826080212099413, 52.302535502110935, 50.217284279875457 ] ] ] } },
{ "type": "Feature", "properties": { "NAME": "Roundabout Wood, unnamed", "THEME": "ancient woodland", "THEMNAME": "Ancient & Semi-Natural Woodland", "THEMID": 1504271.0, "STATUS": "ASNW", "PERIMETER": 1962.9056380100001, "AREA": 9.1039933763000001, "X_COORD": 346374.0, "Y_COORD": 268722.0, "Shape_Leng": 1962.9056380100001, "Shape_Area": 91039.933762999994 }, "geometry": { "type": "Polygon", "coordinates": [ [ [ -2.791099610533389, 52.311200532599798, 50.186336980201304 ], [ -2.788881300244347, 52.314226897152572, 50.186526095494628 ], [ -2.788742516486195, 52.314919187951126, 50.186975300312042 ], [ -2.78968379615283, 52.315632131115038, 50.188632456585765 ], [ -2.789672255725812, 52.316137470126847, 50.189059108495712 ], [ -2.788872852235388, 52.316626835011419, 50.188603713177145 ], [ -2.787618156986424, 52.315359401654611, 50.18611912149936 ], [ -2.786621036745563, 52.315541720865141, 50.185178789310157 ], [ -2.78621860911579, 52.316673507967373, 50.185719342902303 ], [ -2.785107269739062, 52.31588210293036, 50.183806377463043 ], [ -2.785394741961723, 52.315100092374756, 50.183443152345717 ], [ -2.789811826706961, 52.311420338302, 50.185109334997833 ], [ -2.790709226341151, 52.310851621436932, 50.185603099875152 ], [ -2.791099610533389, 52.311200532599798, 50.186336980201304 ] ] ] } },
{ "type": "Feature", "properties": { "NAME": "Roundabout Wood, unnamed", "THEME": "ancient woodland", "THEMNAME": "Ancient & Semi-Natural Woodland", "THEMID": 1504271.0, "STATUS": "ASNW", "PERIMETER": 337.03865857900001, "AREA": 0.56118355, "X_COORD": 346265.0, "Y_COORD": 268862.0, "Shape_Leng": 337.03865857900001, "Shape_Area": 5611.8354999900002 }, "geometry": { "type": "Polygon", "coordinates": [ [ [ -2.790575795218156, 52.315307002645454, 50.189332550391555 ], [ -2.789559848005838, 52.315591603966958, 50.1884606461972 ], [ -2.788777255750025, 52.314892883678915, 50.186990702524781 ], [ -2.789448563445974, 52.31486142642715, 50.187703061848879 ], [ -2.790575795218156, 52.315307002645454, 50.189332550391555 ] ] ] } },
{ "type": "Feature", "properties": { "NAME": "SCHOOL WOOD", "THEME": "ancient woodland", "THEMNAME": "Ancient Replanted Woodland", "THEMID": 1106008.0, "STATUS": "PAWS", "PERIMETER": 5344.28091365, "AREA": 37.376098203799998, "X_COORD": 343193.0, "Y_COORD": 265200.0, "Shape_Leng": 5344.28091365, "Shape_Area": 373760.98203800002 }, "geometry": { "type": "Polygon", "coordinates": [ [ [ -2.826223288124055, 52.289485633924826, 50.206048338674009 ], [ -2.827667272070545, 52.288612410594844, 50.206872060894966 ], [ -2.827405974802821, 52.288251670214422, 50.206269259564579 ], [ -2.831140248214552, 52.286175924634477, 50.208557782694697 ], [ -2.831384429439328, 52.28489216819915, 50.207702483981848 ], [ -2.832723781999002, 52.282983850293938, 50.207503497600555 ], [ -2.832659659532479, 52.28165903296329, 50.20627249404788 ], [ -2.833840816357437, 52.281426087236142, 50.207366500981152 ], [ -2.835159690253616, 52.281794527126706, 50.209138611331582 ], [ -2.837690398928416, 52.278404055070048, 50.208947876468301 ], [ -2.837820499140828, 52.277299053326061, 50.208121864125133 ], [ -2.839427592291788, 52.276635831568427, 50.209305846132338 ], [ -2.840811542200894, 52.272160682885776, 50.20689884852618 ], [ -2.841450724490285, 52.273026161416084, 50.208360918797553 ], [ -2.841331136990514, 52.275546782028734, 50.210441648028791 ], [ -2.83831341753322, 52.280819004524254, 50.211749010719359 ], [ -2.837875254345137, 52.284320306639891, 50.214334109798074 ], [ -2.835814481017479, 52.284495798615879, 50.212223693728447 ], [ -2.835869623428623, 52.285087891827402, 50.212802571244538 ], [ -2.834677169582201, 52.285598933328622, 50.211939652450383 ], [ -2.834278653654217, 52.286390170685337, 50.212194187566638 ], [ -2.831414618996659, 52.287989102661427, 50.210445768199861 ], [ -2.831342525119519, 52.288367282812679, 50.210697330534458 ], [ -2.829507501725947, 52.288079005303906, 50.20842832326889 ], [ -2.829120264347075, 52.289169532153672, 50.208956512622535 ], [ -2.825186533288022, 52.290425200642893, 50.205730081535876 ], [ -2.825040629182567, 52.290145708302482, 50.205325281247497 ], [ -2.826223288124055, 52.289485633924826, 50.206048338674009 ] ] ] } },
{ "type": "Feature", "properties": { "NAME": "SCHOOL WOOD", "THEME": "ancient woodland", "THEMNAME": "Ancient Replanted Woodland", "THEMID": 1106008.0, "STATUS": "PAWS", "PERIMETER": 5736.2481415800003, "AREA": 65.650025536000001, "X_COORD": 343811.0, "Y_COORD": 265507.0, "Shape_Leng": 5736.2481415800003, "Shape_Area": 656500.25535999995 }, "geometry": { "type": "Polygon", "coordinates": [ [ [ -2.820851357352914, 52.286790871202442, 50.197783350013196 ], [ -2.820171046885988, 52.2857295435943, 50.196105939336121 ], [ -2.824393812274451, 52.284764039849904, 50.199904936365783 ], [ -2.823424221222105, 52.283853050161973, 50.198040839284658 ], [ -2.824703041986485, 52.283809789755345, 50.199409305118024 ], [ -2.82769324227727, 52.28222451516374, 50.20130854472518 ], [ -2.825441676500881, 52.279558193556454, 50.196495786309242 ], [ -2.827404907639017, 52.278023422411664, 50.19730874709785 ], [ -2.828913848550479, 52.277414060951614, 50.198433381505311 ], [ -2.829013701431765, 52.278199174697434, 50.19923179782927 ], [ -2.829718681025406, 52.278104791443283, 50.19992409273982 ], [ -2.830273884569051, 52.279281811928946, 50.201566569507122 ], [ -2.832476245025348, 52.278850879264432, 50.203609650954604 ], [ -2.832815920389526, 52.27969271953755, 50.204721023328602 ], [ -2.83264449248187, 52.283054604663342, 50.207478323951364 ], [ -2.831341199001054, 52.284849240942805, 50.207617388106883 ], [ -2.830947726075003, 52.286306706078783, 50.208460638299584 ], [ -2.827306647946092, 52.288240591452023, 50.206150374375284 ], [ -2.826071907686493, 52.286677251706706, 50.203424988314509 ], [ -2.825316929158392, 52.286892219853357, 50.202783005312085 ], [ -2.826422381461073, 52.288394635907686, 50.205312979407609 ], [ -2.825122057989655, 52.288926917933878, 50.204348921775818 ], [ -2.822658527115172, 52.289293828811729, 50.201960916630924 ], [ -2.820948889867007, 52.289999865514254, 50.200698201544583 ], [ -2.817295000458667, 52.292275788215306, 50.198668965138495 ], [ -2.815374147002156, 52.290365658188712, 50.194885510019958 ], [ -2.81623862467494, 52.289597960118897, 50.19516518805176 ], [ -2.821612048353193, 52.28796785001753, 50.199650029651821 ], [ -2.820851357352914, 52.286790871202442, 50.197783350013196 ] ], [ [ -2.828555825870449, 52.282609643453767, 50.202594293281436 ], [ -2.829611763664816, 52.282361431591575, 50.203537683002651 ], [ -2.829903909666025, 52.281896550089328, 50.203451547771692 ], [ -2.827741997250089, 52.282443355316396, 50.201553877443075 ], [ -2.828084486698736, 52.282763057705097, 50.202210498042405 ], [ -2.828555825870449, 52.282609643453767, 50.202594293281436 ] ] ] } },
{ "type": "Feature", "properties": { "NAME": "School Wood (part)", "THEME": "ancient woodland", "THEMNAME": "Ancient & Semi-Natural Woodland", "THEMID": 1504372.0, "STATUS": "ASNW", "PERIMETER": 264.87819975600001, "AREA": 0.32381112594, "X_COORD": 343780.0, "Y_COORD": 264879.0, "Shape_Leng": 264.87819975600001, "Shape_Area": 3238.11125937 }, "geometry": { "type": "Polygon", "coordinates": [ [ [ -2.825996449324386, 52.279027710800818, 50.196640716865659 ], [ -2.825446194502803, 52.279553799775229, 50.196496903896332 ], [ -2.824819032369354, 52.279003816701852, 50.195324917323887 ], [ -2.826141674402909, 52.278884386641174, 50.196674732491374 ], [ -2.825996449324386, 52.279027710800818, 50.196640716865659 ] ] ] } },
{ "type": "Feature", "properties": { "NAME": "SILVER WILL", "THEME": "ancient woodland", "THEMNAME": "Ancient & Semi-Natural Woodland", "THEMID": 1106001.0, "STATUS": "ASNW", "PERIMETER": 1448.5692047499999, "AREA": 4.1350563188600002, "X_COORD": 341652.0, "Y_COORD": 267845.0, "Shape_Leng": 1448.5692047499999, "Shape_Area": 41350.563188599997 }, "geometry": { "type": "Polygon", "coordinates": [ [ [ -2.853252514346802, 52.306788896727504, 50.250820375978947 ], [ -2.852810194825733, 52.306791103161679, 50.25033719651401 ], [ -2.852527622829183, 52.306359027826886, 50.249651377089322 ], [ -2.857646198215873, 52.3054714359154, 50.254491964355111 ], [ -2.860123117875904, 52.304247781413785, 50.25614248495549 ], [ -2.861618030432188, 52.304798806459203, 50.258260617032647 ], [ -2.857824461405709, 52.306116550973037, 50.255248686298728 ], [ -2.853252514346802, 52.306788896727504, 50.250820375978947 ] ] ] } },
{ "type": "Feature", "properties": { "NAME": "SNED WOOD", "THEME": "ancient woodland", "THEMNAME": "Ancient & Semi-Natural Woodland", "THEMID": 1105996.0, "STATUS": "ASNW", "PERIMETER": 1073.98400874, "AREA": 2.1227130670499998, "X_COORD": 339891.0, "Y_COORD": 265587.0, "Shape_Leng": 1073.98400874, "Shape_Area": 21227.130670499999 }, "geometry": { "type": "Polygon", "coordinates": [ [ [ -2.880701499657511, 52.286858577530957, 50.263522394001484 ], [ -2.880627029480468, 52.284779860956192, 50.261624029837549 ], [ -2.88416492550331, 52.283943153642078, 50.264765791594982 ], [ -2.88508800308455, 52.284143588895645, 50.265951455570757 ], [ -2.883941009499496, 52.284662249204928, 50.265149364247918 ], [ -2.882974862890482, 52.284587688787923, 50.264026536606252 ], [ -2.88122105018531, 52.2850754467188, 50.262532833963633 ], [ -2.880701499657511, 52.286858577530957, 50.263522394001484 ] ] ] } },
{ "type": "Feature", "properties": { "NAME": "SNED WOOD", "THEME": "ancient woodland", "THEMNAME": "Ancient Replanted Woodland", "THEMID": 1105996.0, "STATUS": "PAWS", "PERIMETER": 4261.2442955799997, "AREA": 81.379735415900001, "X_COORD": 340635.0, "Y_COORD": 266102.0, "Shape_Leng": 4261.2442955799997, "Shape_Area": 813797.35415899998 }, "geometry": { "type": "Polygon", "coordinates": [ [ [ -2.870561630266555, 52.293500729279693, 50.258216517046094 ], [ -2.866542008062765, 52.294082069067386, 50.2543192980811 ], [ -2.865825912244043, 52.293751983245329, 50.253246493637562 ], [ -2.862564891687262, 52.293372114362015, 50.249340566806495 ], [ -2.86158530307125, 52.292899401765283, 50.247854056768119 ], [ -2.861935972242344, 52.291720681557926, 50.24720947816968 ], [ -2.860867419398068, 52.290074249650786, 50.244600013829768 ], [ -2.867722573773294, 52.288090221298141, 50.250381301157176 ], [ -2.876988049987289, 52.286300926389863, 50.25896867364645 ], [ -2.880627029480468, 52.284779860956192, 50.261624029837549 ], [ -2.880701499657511, 52.286858577530957, 50.263522394001484 ], [ -2.879764416223004, 52.287917423508794, 50.263421453535557 ], [ -2.879557839903298, 52.289107528807683, 50.26423473842442 ], [ -2.880349869235578, 52.29008337817762, 50.265954000875354 ], [ -2.881233470932482, 52.290579391946117, 50.267354371957481 ], [ -2.882266779918961, 52.290632793153222, 50.268532149493694 ], [ -2.882677452484911, 52.291199289775165, 50.269476133398712 ], [ -2.880841462980173, 52.291732144636782, 50.267931336537004 ], [ -2.879218375221428, 52.291730761538012, 50.266153142787516 ], [ -2.877173204955837, 52.29248505152934, 50.264571986161172 ], [ -2.873310730584053, 52.292835543179265, 50.26064764522016 ], [ -2.870561630266555, 52.293500729279693, 50.258216517046094 ] ] ] } },
{ "type": "Feature", "properties": { "NAME": "STOCKING WOOD 1", "THEME": "ancient woodland", "THEMNAME": "Ancient & Semi-Natural Woodland", "THEMID": 1105835.0, "STATUS": "ASNW", "PERIMETER": 660.69062690500004, "AREA": 2.3468509921199998, "X_COORD": 336671.0, "Y_COORD": 264807.0, "Shape_Leng": 660.69062690500004, "Shape_Area": 23468.509921199999 }, "geometry": { "type": "Polygon", "coordinates": [ [ [ -2.928804458592884, 52.276899841426392, 50.307390863075852 ], [ -2.929554071177268, 52.276767486141779, 50.308092930354178 ], [ -2.930734981747754, 52.277119140932079, 50.3096888884902 ], [ -2.930522276923663, 52.27871654584532, 50.31085389573127 ], [ -2.929275060851041, 52.278797464928658, 50.309564019553363 ], [ -2.928386792154855, 52.277013663154037, 50.307034726254642 ], [ -2.928804458592884, 52.276899841426392, 50.307390863075852 ] ] ] } },
{ "type": "Feature", "properties": { "NAME": "STOCKING WOOD 2", "THEME": "ancient woodland", "THEMNAME": "Ancient Replanted Woodland", "THEMID": 1105838.0, "STATUS": "PAWS", "PERIMETER": 944.46335021100003, "AREA": 2.7684157488099999, "X_COORD": 336976.0, "Y_COORD": 264991.0, "Shape_Leng": 944.46335021100003, "Shape_Area": 27684.157488100002 }, "geometry": { "type": "Polygon", "coordinates": [ [ [ -2.924363553407929, 52.279890046691186, 50.305159964598715 ], [ -2.922660701246221, 52.280310343430791, 50.303668844513595 ], [ -2.92326924937266, 52.279544124159962, 50.303663160651922 ], [ -2.925669274446624, 52.278514719563347, 50.305382333695889 ], [ -2.927898975436032, 52.279489848296343, 50.308668038807809 ], [ -2.927110065176718, 52.279792830327388, 50.308072132058442 ], [ -2.926416018372621, 52.27938905561227, 50.306961785070598 ], [ -2.924363553407929, 52.279890046691186, 50.305159964598715 ] ] ] } },
{ "type": "Feature", "properties": { "NAME": "STOCKLOW HEYS WOOD", "THEME": "ancient woodland", "THEMNAME": "Ancient Replanted Woodland", "THEMID": 1105842.0, "STATUS": "PAWS", "PERIMETER": 696.89642135400004, "AREA": 1.6217422535099999, "X_COORD": 337428.0, "Y_COORD": 261910.0, "Shape_Leng": 696.89642135400004, "Shape_Area": 16217.4225351 }, "geometry": { "type": "Polygon", "coordinates": [ [ [ -2.917000362527288, 52.251153509489619, 50.27189904730767 ], [ -2.918665849970921, 52.25134934947824, 50.273891332559288 ], [ -2.918881432949667, 52.251711236542924, 50.274445635266602 ], [ -2.919479200453057, 52.251741544530617, 50.27512539550662 ], [ -2.919374383711317, 52.252139721158734, 50.275361577048898 ], [ -2.916923818833355, 52.252495926185766, 50.272997845895588 ], [ -2.917000362527288, 52.251153509489619, 50.27189904730767 ] ], [ [ -2.918596924652355, 52.251818881312829, 50.27422961127013 ], [ -2.918365777483057, 52.252001518803212, 50.274137930013239 ], [ -2.91844938257613, 52.252090388474976, 50.274307547137141 ], [ -2.918732840303861, 52.252060319512694, 50.274590753018856 ], [ -2.918596924652355, 52.251818881312829, 50.27422961127013 ] ] ] } },
{ "type": "Feature", "properties": { "NAME": "TARS COPPICE", "THEME": "ancient woodland", "THEMNAME": "Ancient Replanted Woodland", "THEMID": 1106009.0, "STATUS": "PAWS", "PERIMETER": 886.66008224500001, "AREA": 4.0090176027800002, "X_COORD": 343865.0, "Y_COORD": 262862.0, "Shape_Leng": 886.66008224500001, "Shape_Area": 40090.1760278 }, "geometry": { "type": "Polygon", "coordinates": [ [ [ -2.824404108238879, 52.261833320022397, 50.179777446202934 ], [ -2.823891617406811, 52.261330157439112, 50.178770324215293 ], [ -2.823256258330068, 52.261438941071269, 50.178167057223618 ], [ -2.821544756007582, 52.260816137098359, 50.175734936259687 ], [ -2.821981522111935, 52.260009303654556, 50.175504590384662 ], [ -2.824522360458112, 52.260263106914636, 50.178524159826338 ], [ -2.825994909265777, 52.261099206986479, 50.180880937725306 ], [ -2.825484197320625, 52.262194726005802, 50.181284079328179 ], [ -2.824404108238879, 52.261833320022397, 50.179777446202934 ] ] ] } },
{ "type": "Feature", "properties": { "NAME": "TARS WOOD", "THEME": "ancient woodland", "THEMNAME": "Ancient & Semi-Natural Woodland", "THEMID": 1106011.0, "STATUS": "ASNW", "PERIMETER": 1322.57243073, "AREA": 7.6647546965000002, "X_COORD": 344037.0, "Y_COORD": 263083.0, "Shape_Leng": 1322.57243073, "Shape_Area": 76647.546965000001 }, "geometry": { "type": "Polygon", "coordinates": [ [ [ -2.818026181985281, 52.26178664646703, 50.172717318870127 ], [ -2.820476165106805, 52.262591949335594, 50.176123334094882 ], [ -2.82079473699039, 52.261754574243554, 50.175736325792968 ], [ -2.821772416903229, 52.261858322405033, 50.176903668791056 ], [ -2.823978020354771, 52.262510930753002, 50.17990546207875 ], [ -2.82478961950836, 52.26337017210578, 50.181555045768619 ], [ -2.82357574609369, 52.263574585815427, 50.180399492383003 ], [ -2.82201079844232, 52.264367715988264, 50.17937580589205 ], [ -2.820086424965917, 52.264025089191854, 50.176956443116069 ], [ -2.81895382289177, 52.26331194036149, 50.175081922672689 ], [ -2.818026181985281, 52.26178664646703, 50.172717318870127 ] ] ] } },
{ "type": "Feature", "properties": { "NAME": "TARS WOOD", "THEME": "ancient woodland", "THEMNAME": "Ancient Replanted Woodland", "THEMID": 1106011.0, "STATUS": "PAWS", "PERIMETER": 1952.47221031, "AREA": 8.3369075383499993, "X_COORD": 344182.0, "Y_COORD": 263111.0, "Shape_Leng": 1952.47221031, "Shape_Area": 83369.075383500007 }, "geometry": { "type": "Polygon", "coordinates": [ [ [ -2.818026181985281, 52.26178664646703, 50.172717318870127 ], [ -2.818804266067023, 52.263148408289666, 50.174773291684687 ], [ -2.820020137623469, 52.264007574089604, 50.176868069916964 ], [ -2.82201079844232, 52.264367715988264, 50.17937580589205 ], [ -2.82357574609369, 52.263574585815427, 50.180399492383003 ], [ -2.82478961950836, 52.26337017210578, 50.181555045768619 ], [ -2.824759213158597, 52.26357405137459, 50.181701101362705 ], [ -2.822237010768071, 52.264553179148812, 50.179787988774478 ], [ -2.822158585587368, 52.264989731447479, 50.180085961706936 ], [ -2.818596940195491, 52.264865915094447, 50.176057347096503 ], [ -2.818661861451533, 52.264402675260236, 50.175720989704132 ], [ -2.81664488582906, 52.263943702213609, 50.173096669837832 ], [ -2.816783786529483, 52.263494871284664, 50.172854334115982 ], [ -2.815166584012484, 52.262934417952721, 50.170580302365124 ], [ -2.815592039911957, 52.2624846887446, 50.170652572065592 ], [ -2.815145364647197, 52.262423060654505, 50.170106496661901 ], [ -2.815266901521395, 52.261870091884703, 50.169753140769899 ], [ -2.816759649695001, 52.261760993724394, 50.171300468966365 ], [ -2.817319607260197, 52.261354637992902, 50.171558875590563 ], [ -2.818026181985281, 52.26178664646703, 50.172717318870127 ] ] ] } },
{ "type": "Feature", "properties": { "NAME": "The Coppice, Upper Batch (part)", "THEME": "ancient woodland", "THEMNAME": "Ancient Replanted Woodland", "THEMID": 1503868.0, "STATUS": "PAWS", "PERIMETER": 849.78879036199999, "AREA": 1.63157982001, "X_COORD": 337682.0, "Y_COORD": 266798.0, "Shape_Leng": 849.78879036199999, "Shape_Area": 16315.7982001 }, "geometry": { "type": "Polygon", "coordinates": [ [ [ -2.916519832761221, 52.295065452944094, 50.309841300360858 ], [ -2.915799707969689, 52.295526590891647, 50.309456796385348 ], [ -2.915361971453332, 52.296562907094511, 50.309881369583309 ], [ -2.91501816428507, 52.296665187055488, 50.309595079161227 ], [ -2.913907736254096, 52.296083829047959, 50.307876471430063 ], [ -2.914661541016341, 52.296024678067091, 50.308647982776165 ], [ -2.914823812114689, 52.295858444696101, 50.308680380694568 ], [ -2.914922826596305, 52.295390709445634, 50.308381112292409 ], [ -2.914711676805789, 52.295967109911139, 50.308652586303651 ], [ -2.914034594939477, 52.296034927535082, 50.307972394861281 ], [ -2.914148036937444, 52.295398688697873, 50.307542130351067 ], [ -2.916235222433266, 52.294816916035167, 50.309314107522368 ], [ -2.916519832761221, 52.295065452944094, 50.309841300360858 ] ] ] } },
{ "type": "Feature", "properties": { "NAME": "The Great Wood", "THEME": "ancient woodland", "THEMNAME": "Ancient & Semi-Natural Woodland", "THEMID": 1503867.0, "STATUS": "ASNW", "PERIMETER": 1065.1445378000001, "AREA": 2.49943283, "X_COORD": 337469.0, "Y_COORD": 266749.0, "Shape_Leng": 1065.1445378000001, "Shape_Area": 24994.3283 }, "geometry": { "type": "Polygon", "coordinates": [ [ [ -2.919599845530647, 52.293763859273099, 50.31206941138953 ], [ -2.918853478459529, 52.295065565526137, 50.312388721853495 ], [ -2.919419012705337, 52.295574072798814, 50.313448827713728 ], [ -2.917686275497536, 52.296859173502995, 50.312676576897502 ], [ -2.916904761297142, 52.296727420323364, 50.311708801425993 ], [ -2.919096013322992, 52.29359291655129, 50.311370560899377 ], [ -2.919599845530647, 52.293763859273099, 50.31206941138953 ] ], [ [ -2.918582282573266, 52.295536711751616, 50.312503051944077 ], [ -2.918153339134511, 52.295889150440921, 50.312341783195734 ], [ -2.917910271013666, 52.295934194918843, 50.312115693464875 ], [ -2.917831807911096, 52.295983173936897, 50.312072701752186 ], [ -2.918232626140554, 52.295894197883335, 50.312432716600597 ], [ -2.918582282573266, 52.295536711751616, 50.312503051944077 ] ] ] } },
{ "type": "Feature", "properties": { "NAME": "TYLERS VALLET", "THEME": "ancient woodland", "THEMNAME": "Ancient & Semi-Natural Woodland", "THEMID": 1106014.0, "STATUS": "ASNW", "PERIMETER": 981.10343378699997, "AREA": 5.3052656409000001, "X_COORD": 345430.0, "Y_COORD": 264244.0, "Shape_Leng": 981.10343378699997, "Shape_Area": 53052.656409000003 }, "geometry": { "type": "Polygon", "coordinates": [ [ [ -2.802959018365957, 52.27313446133855, 50.16610927414149 ], [ -2.803690162769594, 52.273225387244466, 50.166994711384177 ], [ -2.803550199490719, 52.273878233727238, 50.167414173483849 ], [ -2.801688917848336, 52.274776469018235, 50.1661526132375 ], [ -2.800919720773921, 52.274787982002046, 50.165315169841051 ], [ -2.799925759725275, 52.274531285959227, 50.163994360715151 ], [ -2.800188684287213, 52.274073636542497, 50.163881997577846 ], [ -2.798629733859428, 52.272716772392002, 50.160971459001303 ], [ -2.800421524188579, 52.272516698875187, 50.16277027875185 ], [ -2.802959018365957, 52.27313446133855, 50.16610927414149 ] ] ] } },
{ "type": "Feature", "properties": { "NAME": "Watery Coppice", "THEME": "ancient woodland", "THEMNAME": "Ancient Replanted Woodland", "THEMID": 1503624.0, "STATUS": "PAWS", "PERIMETER": 655.82341568899994, "AREA": 1.827993735, "X_COORD": 344449.0, "Y_COORD": 267175.0, "Shape_Leng": 655.82341568899994, "Shape_Area": 18279.93735 }, "geometry": { "type": "Polygon", "coordinates": [ [ [ -2.817383320543426, 52.299633220634995, 50.20519124250859 ], [ -2.81600485132503, 52.300199534771231, 50.20416905079037 ], [ -2.816306465610092, 52.300492337073493, 50.204756238497794 ], [ -2.815927572177418, 52.3008617668131, 50.204661694355309 ], [ -2.814497757893896, 52.299824249960366, 50.202183738350868 ], [ -2.81708941830879, 52.298946944941171, 50.204269179143012 ], [ -2.817383320543426, 52.299633220634995, 50.20519124250859 ] ] ] } },
{ "type": "Feature", "properties": { "NAME": "WEIR ROUGH", "THEME": "ancient woodland", "THEMNAME": "Ancient & Semi-Natural Woodland", "THEMID": 1105849.0, "STATUS": "ASNW", "PERIMETER": 1344.31314914, "AREA": 3.3404456848000001, "X_COORD": 339265.0, "Y_COORD": 265233.0, "Shape_Leng": 1344.31314914, "Shape_Area": 33404.456848000002 }, "geometry": { "type": "Polygon", "coordinates": [ [ [ -2.891584768792899, 52.28204625681024, 50.271227082237601 ], [ -2.887474786618803, 52.282794464582906, 50.26738409511745 ], [ -2.889075665259209, 52.281799406097072, 50.268265728838742 ], [ -2.892594520568297, 52.281375855062748, 50.27174542658031 ], [ -2.893079433672674, 52.280992086688414, 50.271940214559436 ], [ -2.893212328393184, 52.28126593273857, 50.272325147874653 ], [ -2.895878883338068, 52.281343785917123, 50.275310066528618 ], [ -2.895729722610637, 52.281858219894033, 50.275596844963729 ], [ -2.893297238720046, 52.281767897170973, 50.272857096046209 ], [ -2.891584768792899, 52.28204625681024, 50.271227082237601 ] ] ] } },
{ "type": "Feature", "properties": { "NAME": "Wood below Broad Fern, Lower Piece", "THEME": "ancient woodland", "THEMNAME": "Ancient & Semi-Natural Woodland", "THEMID": 1503844.0, "STATUS": "ASNW", "PERIMETER": 747.28777582299995, "AREA": 1.54879621, "X_COORD": 337328.0, "Y_COORD": 264974.0, "Shape_Leng": 747.28777582299995, "Shape_Area": 15487.9621 }, "geometry": { "type": "Polygon", "coordinates": [ [ [ -2.922267344614606, 52.278874306804596, 50.301983817480505 ], [ -2.921625547410333, 52.279386206652902, 50.301730896346271 ], [ -2.917638546693264, 52.279874435311264, 50.297804902307689 ], [ -2.920288423537282, 52.278776829003711, 50.299738253466785 ], [ -2.920526422466227, 52.278986880821506, 50.3001817939803 ], [ -2.922267344614606, 52.278874306804596, 50.301983817480505 ] ] ] } },
{ "type": "Feature", "properties": { "NAME": "WOODHAMPTON WOOD", "THEME": "ancient woodland", "THEMNAME": "Ancient & Semi-Natural Woodland", "THEMID": 1105997.0, "STATUS": "ASNW", "PERIMETER": 1844.5660861599999, "AREA": 6.7259281016900001, "X_COORD": 340756.0, "Y_COORD": 267422.0, "Shape_Leng": 1844.5660861599999, "Shape_Area": 67259.2810169 }, "geometry": { "type": "Polygon", "coordinates": [ [ [ -2.875185014059635, 52.301528181077636, 50.270276765339077 ], [ -2.86918515381502, 52.301539963650448, 50.26371575333178 ], [ -2.867916835179589, 52.301927864865057, 50.262664007954299 ], [ -2.866635261612045, 52.302913635294892, 50.262118069455028 ], [ -2.866531856910751, 52.303853900969273, 50.262823160737753 ], [ -2.865966167126118, 52.303636228767097, 50.262013902887702 ], [ -2.866814741368592, 52.302191216859747, 50.261685808189213 ], [ -2.866026391850729, 52.301474193314498, 50.260197666473687 ], [ -2.867563645450834, 52.300889299649356, 50.261372668668628 ], [ -2.869285064203905, 52.300652839361994, 50.263052669353783 ], [ -2.869533950202481, 52.300365190889927, 50.263074790127575 ], [ -2.873894632986393, 52.30081151418883, 50.268239746801555 ], [ -2.873941888360299, 52.300613969606317, 50.268119472078979 ], [ -2.875185014059635, 52.301528181077636, 50.270276765339077 ] ] ] } },
{ "type": "Feature", "properties": { "NAME": "WOODHAMPTON WOOD", "THEME": "ancient woodland", "THEMNAME": "Ancient Replanted Woodland", "THEMID": 1105997.0, "STATUS": "PAWS", "PERIMETER": 2984.2390625100002, "AREA": 29.2045606977, "X_COORD": 340732.0, "Y_COORD": 267682.0, "Shape_Leng": 2984.2390625100002, "Shape_Area": 292045.60697700002 }, "geometry": { "type": "Polygon", "coordinates": [ [ [ -2.875185014059635, 52.301528181077636, 50.270276765339077 ], [ -2.876804785536822, 52.303014270854284, 50.273343739099801 ], [ -2.87610550691635, 52.304282174252933, 50.273681319318712 ], [ -2.874090279332896, 52.305317597414273, 50.272375483997166 ], [ -2.874809744814459, 52.304628378980716, 50.272563772276044 ], [ -2.873973320889416, 52.303321168289386, 50.270510557107627 ], [ -2.872218254322867, 52.304316704673965, 50.269454810768366 ], [ -2.872695875214865, 52.305249806501372, 50.270789589732885 ], [ -2.868494404486349, 52.307102363770177, 50.267798969522119 ], [ -2.867451776041487, 52.305669444946503, 50.265410642139614 ], [ -2.864914471730542, 52.306667650576031, 50.263498896732926 ], [ -2.864618109669378, 52.306495814731065, 50.263024716638029 ], [ -2.865453752822051, 52.305721945342682, 50.263267243281007 ], [ -2.864923873313797, 52.305419250608196, 50.262423319742084 ], [ -2.865667793456858, 52.304364550263593, 50.262320798821747 ], [ -2.866550737851792, 52.303916677828177, 50.262898480519652 ], [ -2.866587813645975, 52.302960720584245, 50.262107070535421 ], [ -2.867916835179589, 52.301927864865057, 50.262664007954299 ], [ -2.869430454409759, 52.30148872434782, 50.263939858414233 ], [ -2.875185014059635, 52.301528181077636, 50.270276765339077 ] ] ] } },
{ "type": "Feature", "properties": { "NAME": "Woodward Wood", "THEME": "ancient woodland", "THEMNAME": "Ancient & Semi-Natural Woodland", "THEMID": 1504369.0, "STATUS": "ASNW", "PERIMETER": 504.51386390200003, "AREA": 0.71563143534999996, "X_COORD": 341099.0, "Y_COORD": 268079.0, "Shape_Leng": 504.51386390200003, "Shape_Area": 7156.3143535099998 }, "geometry": { "type": "Polygon", "coordinates": [ [ [ -2.865907564192775, 52.308145654415107, 50.2658721068874 ], [ -2.865528677189662, 52.308497622418635, 50.265762951225042 ], [ -2.864956051495096, 52.308188949649335, 50.264867227524519 ], [ -2.864851287906726, 52.307818320317509, 50.264430224895477 ], [ -2.865342076693624, 52.307721583307419, 50.264883864670992 ], [ -2.864640979858567, 52.306833514927874, 50.263343465514481 ], [ -2.864907869308141, 52.30666256717069, 50.263487241230905 ], [ -2.865907564192775, 52.308145654415107, 50.2658721068874 ] ] ] } },
{ "type": "Feature", "properties": { "NAME": "Woodward Wood", "THEME": "ancient woodland", "THEMNAME": "Ancient Replanted Woodland", "THEMID": 1504368.0, "STATUS": "PAWS", "PERIMETER": 440.89397590700003, "AREA": 0.56506765918000001, "X_COORD": 340927.0, "Y_COORD": 267956.0, "Shape_Leng": 440.89397590700003, "Shape_Area": 5650.6765917499997 }, "geometry": { "type": "Polygon", "coordinates": [ [ [ -2.86831545276802, 52.307160596782047, 50.267653577029705 ], [ -2.867436395329763, 52.306800810642798, 50.266377749852836 ], [ -2.867797757806258, 52.30669492675321, 50.266681546345353 ], [ -2.86715432489814, 52.305799704582583, 50.265198074281216 ], [ -2.867451776041487, 52.305669444946503, 50.265410642139614 ], [ -2.86831545276802, 52.307160596782047, 50.267653577029705 ] ] ] } },
{ "type": "Feature", "properties": { "NAME": "Lime Kiln Coppice & Orchard Coppice", "THEME": "ancient woodland", "THEMNAME": "Ancient & Semi-Natural Woodland", "THEMID": 1503641.0, "STATUS": "ASNW", "PERIMETER": 2622.7556624600002, "AREA": 10.7568756585, "X_COORD": 344530.0, "Y_COORD": 268448.0, "Shape_Leng": 2622.7556624600002, "Shape_Area": 107568.756585 }, "geometry": { "type": "Polygon", "coordinates": [ [ [ -2.81610617048504, 52.308682473326542, 50.211672449484468 ], [ -2.817257343970901, 52.308677112456955, 50.212933767586946 ], [ -2.817562169438426, 52.308986066511551, 50.213537878356874 ], [ -2.815887951312103, 52.311550343616169, 50.213927810080349 ], [ -2.81708721077164, 52.312326195367483, 50.215921342372894 ], [ -2.818386205304975, 52.312568752550504, 50.21756056509912 ], [ -2.816805770692473, 52.312870805652082, 50.216085414402187 ], [ -2.814697299948168, 52.31277947457248, 50.213687296956778 ], [ -2.813053592113871, 52.314190230211473, 50.213105966337025 ], [ -2.812149616143928, 52.313328104670006, 50.211362137459219 ], [ -2.812192380152964, 52.312077414565266, 50.210321560502052 ], [ -2.8129000321884, 52.311265004695315, 50.210393316112459 ], [ -2.812556514396915, 52.311132099676385, 50.209899823181331 ], [ -2.813290030409401, 52.310892900116293, 50.210498590953648 ], [ -2.813965303370706, 52.311413965367969, 50.211694633588195 ], [ -2.812599903522067, 52.313442219791817, 50.211956662125885 ], [ -2.814481477164334, 52.31174905197868, 50.212553820572793 ], [ -2.814254948557258, 52.310663197451348, 50.211360084824264 ], [ -2.813394464480061, 52.309781188271572, 50.209646139293909 ], [ -2.81610617048504, 52.308682473326542, 50.211672449484468 ] ], [ [ -2.81610617048504, 52.308682473326542, 50.211672449484468 ], [ -2.81616853111795, 52.308702165635559, 50.211758171208203 ], [ -2.816153912023769, 52.308694755159799, 50.211735644377768 ], [ -2.81610617048504, 52.308682473326542, 50.211672449484468 ] ] ] } }
]
}
